Station Name: JOHNSTOWN CASTLE 2,,,,,,,,,,,,,,,,,,,,,,,
Station Height: 62 M ,,,,,,,,,,,,,,,,,,,,,,,
Latitude:52.298  ,Longitude: -6.497,,,,,,,,,,,,,,,,,,,,,,
,,,,,,,,,,,,,,,,,,,,,,,
,,,,,,,,,,,,,,,,,,,,,,,
date:  -  00 to 00 utc,,,,,,,,,,,,,,,,,,,,,,,
rain:  -  Precipitation Amount (mm),,,,,,,,,,,,,,,,,,,,,,,
"maxtp: -  Maximum Air Temperature (C)	  ",,,,,,,,,,,,,,,,,,,,,,,
mintp: -  Minimum  Air Temperature (C),,,,,,,,,,,,,,,,,,,,,,,
gmin:  -  09utc Grass Minimum Temperature (C),,,,,,,,,,,,,,,,,,,,,,,
"soil:  -  Mean 10cm soil temperature (C)	",,,,,,,,,,,,,,,,,,,,,,,
cbl:   -  Mean CBL Pressure (hpa),,,,,,,,,,,,,,,,,,,,,,,
wdsp:  -  Mean Wind Speed (kt),,,,,,,,,,,,,,,,,,,,,,,
"hm:    -  Highest ten minute mean wind speed (kt)		                 ",,,,,,,,,,,,,,,,,,,,,,,
ddhm:  -  Wind Direction at max 10 min mean (deg)                  ,,,,,,,,,,,,,,,,,,,,,,,
hg:    -  Highest Gust (kt),,,,,,,,,,,,,,,,,,,,,,,
pe:    -  Potential Evapotranspiration (mm)  ,,,,,,,,,,,,,,,,,,,,,,,
evap:  -  Evaporation (mm),,,,,,,,,,,,,,,,,,,,,,,
smd_wd:-  Soil Moisture Deficits(mm) well drained,,,,,,,,,,,,,,,,,,,,,,,
smd_md:-  Soil Moisture Deficits(mm) moderately drained,,,,,,,,,,,,,,,,,,,,,,,
smd_pd:-  Soil Moisture Deficits(mm) poorly drained,,,,,,,,,,,,,,,,,,,,,,,
glorad:-  Global Radiation (J/cm sq.),,,,,,,,,,,,,,,,,,,,,,,
ind:   -  Indicator (i),,,,,,,,,,,,,,,,,,,,,,,
,,,,,,,,,,,,,,,,,,,,,,,
date,ind,maxtp,ind,mintp,igmin,gmin,ind,rain,cbl,wdsp,ind,hm,ind,ddhm,ind,hg,soil,pe,evap,smd_wd,smd_md,smd_pd,glorad
1-Jan-24,0,11,0,4.2,0,1.5,0,15.2,984.2,9.7,0,17,0,230,0,29,7.314,0.5,0.6,0,-10,-10,54
2-Jan-24,0,10.6,0,7.4,0,3,0,11.1,975.3,9,0,14,0,230,0,24,8.608,0.3,0.4,0,-10,-10,139
3-Jan-24,0,9.6,0,5.7,0,2.8,0,2.1,984,7.4,0,12,0,260,0,20,8.173,0.3,0.3,0,-1.8,-10,277
4-Jan-24,0,8.2,0,2.8,0,-0.7,0,0.1,992.3,5.6,0,11,0,230,0,17,7.057,0.3,0.4,0.2,0.2,-9.3,314
5-Jan-24,0,7.7,0,3.5,0,-0.8,0,0.2,1000.6,9.3,0,14,0,290,0,20,6.54,0.3,0.3,0.3,0.3,-8.7,398
6-Jan-24,0,6.9,0,1.6,0,-2.5,0,0.1,1013.2,6,0,10,0,310,0,15,5.884,0.1,0.2,0.3,0.3,-8.3,414
7-Jan-24,0,6.9,0,1,0,-1,0,0.1,1021.9,5.7,0,9,0,320,0,13,5.456,0.1,0.1,0.3,0.3,-7.9,398
8-Jan-24,0,5.5,0,2.9,0,-1.9,0,0.3,1025.7,8.3,0,13,0,80,0,27,5.047,1,1.2,1,1,-6.8,133
9-Jan-24,0,4.8,0,2.1,0,0.5,0,0.3,1024.4,10.5,0,14,0,60,0,25,4.429,1,1.3,1.7,1.7,-5.7,163
10-Jan-24,0,7,0,3.2,0,0.5,0,0,1025.9,9.8,0,14,0,50,0,22,4.513,0.7,0.8,2.4,2.4,-4.7,405
11-Jan-24,0,7.3,0,5.8,0,1.5,0,0,1030.6,8.8,0,13,0,50,0,20,5.482,0.7,0.8,3.1,3.1,-3.8,271
12-Jan-24,0,6.9,0,3.4,0,4.7,0,0,1029.7,6.4,0,10,0,30,0,16,5.812,0.6,0.7,3.7,3.7,-3,125
13-Jan-24,0,5.9,0,0.8,0,0.7,0,0,1019.6,4.7,0,9,0,330,0,14,5.564,0.3,0.4,4,4,-2.5,227
14-Jan-24,0,5.7,0,1.2,0,-1.5,0,0.3,1010.6,5.9,0,9,0,330,0,17,5.532,0.1,0.2,3.8,3.8,-2.6,433
15-Jan-24,0,3.3,0,-1.2,0,-2.9,0,0,1007.9,6.7,0,10,0,330,0,17,4.307,0.2,0.3,4.1,4.1,-2.2,492
16-Jan-24,0,4.5,0,-2.2,0,-6.5,0,0,998.6,5.6,0,11,0,250,0,17,3.397,0.3,0.4,4.4,4.4,-1.7,479
17-Jan-24,0,3.5,0,-1.7,0,-7.1,0,0,990,7.6,0,11,0,340,0,18,3,0.4,0.4,4.7,4.7,-1.3,476
18-Jan-24,0,3.7,0,-2.4,0,-5.2,0,0,1003,7.4,0,11,0,320,0,17,2.489,0.4,0.5,5.1,5.1,-0.9,522
19-Jan-24,0,7.7,0,-0.6,0,-7.8,0,0.1,1011,9.2,0,17,0,210,0,30,2.715,0.7,0.9,5.7,5.7,-0.2,371
20-Jan-24,0,9.5,0,7,0,-3.4,0,15.8,1002.1,16.5,0,23,0,180,0,40,5.056,0.8,1.1,0,-9.4,-10,40
21-Jan-24,0,12.3,0,7.7,0,5.6,0,16.9,987.3,18.3,0,30,0,210,0,48,7.036,0.7,1,0,-10,-10,44
22-Jan-24,0,9.6,0,5.1,0,4.1,0,0.1,998.8,12.5,0,19,0,250,0,30,6.737,0.9,1,0.8,0.8,-8.7,478
23-Jan-24,0,12,0,5.6,0,1.5,0,9,1005,15.9,0,25,0,230,0,43,7.354,0.6,0.9,0,-7.6,-10,54
24-Jan-24,0,10,0,6.8,0,3.9,0,0,1011.6,8.1,0,18,0,240,0,30,7.385,0.6,0.8,0.6,0.6,-8.9,184
25-Jan-24,0,11.1,0,9.1,0,4.4,0,10.5,1009.6,13.8,0,19,0,220,0,31,8.236,0.2,0.4,0,-9.6,-10,77
26-Jan-24,0,10.2,0,3.1,0,0.8,0,0.2,1013.2,10.6,0,24,0,240,0,36,7.413,0.3,0.4,0.1,0.1,-9.4,549
27-Jan-24,0,10,0,7.8,0,2.8,0,1.3,1017,11.8,0,17,0,180,0,25,7.455,0.6,0.8,0,-0.6,-9.6,253
28-Jan-24,0,11,0,7.2,0,8.1,0,0.9,1007.2,11.7,0,17,0,200,0,28,8.408,0.5,0.7,0,-0.4,-9.5,70
29-Jan-24,0,7.2,0,3.7,0,4.1,0,26.1,1013.4,10.1,0,14,0,10,0,23,7.291,0.5,0.7,0,-10,-10,132
30-Jan-24,0,8.6,0,-0.6,0,-4.4,0,0,1021,5.7,0,10,0,300,0,15,5.984,0.4,0.6,0.4,0.4,-9.1,660
31-Jan-24,0,10.4,0,4.1,0,-3.3,0,0.1,1019,12.1,0,22,0,220,0,36,6.691,0.6,0.8,0.9,0.9,-8.1,174
1-Feb-24,0,9.1,0,0.6,0,-2.8,0,0.4,1025.7,6.9,0,14,0,220,0,24,6.394,0.2,0.3,0.7,0.7,-8,494
2-Feb-24,0,11.9,0,8.5,0,0,0,0.3,1021.7,11,0,15,0,230,0,25,7.978,0.4,0.6,0.7,0.7,-7.5,394
3-Feb-24,0,12.2,0,9.4,0,9.3,0,0.1,1019.2,7.7,0,12,0,240,0,20,8.83,0.4,0.6,1,1,-6.8,242
4-Feb-24,0,12.2,0,8.8,0,7.5,0,0.1,1016.6,10.7,0,16,0,230,0,26,9.095,0.6,0.8,1.5,1.5,-6,437
5-Feb-24,0,10.7,0,8.8,0,6.1,0,0.4,1009.3,16.4,0,20,0,230,0,34,8.852,0.6,0.8,1.7,1.7,-5.5,221
6-Feb-24,0,11,0,4.6,0,9.1,0,9.2,999.4,12.5,0,19,0,230,0,31,9.023,0.5,0.7,0,-7.1,-10,66
7-Feb-24,0,7.5,0,2.4,0,0.8,0,0.1,995.6,6.3,0,10,0,90,0,17,7.455,0.5,0.8,0.4,0.4,-9.1,519
8-Feb-24,0,9.9,0,5,0,3.1,0,36.4,978.1,7.2,0,14,0,60,0,24,7.462,0.4,0.6,0,-10,-10,196
9-Feb-24,0,8.5,0,5.7,0,6.8,0,4.6,966.4,5.1,0,8,0,40,0,15,8.025,0.3,0.5,0,-4.3,-10,207
10-Feb-24,0,9.4,0,4.8,0,-0.9,0,7.3,973.6,6.8,0,14,0,150,0,23,7.482,0.5,0.6,0,-6.8,-10,235
11-Feb-24,0,9.7,0,3,0,-0.8,0,0,984.9,7.3,0,14,0,250,0,21,7.288,0.6,0.9,0.6,0.6,-8.9,665
12-Feb-24,0,9.3,0,1.6,0,-2,0,0.1,996,8.8,0,15,0,230,0,27,6.343,0.7,1,1.3,1.3,-7.8,784
13-Feb-24,0,10.7,0,4.6,0,0.5,0,7.8,998.5,5.7,0,11,0,220,0,18,7.001,0.4,0.6,0,-6.1,-10,242
14-Feb-24,0,11.4,0,10.3,0,7.1,0,8.5,998.2,11.9,0,16,0,230,0,27,8.783,0.3,0.6,0,-8.2,-10,177
15-Feb-24,0,13.3,0,7.5,0,10.1,0,5.2,996.6,8.5,0,14,0,190,0,25,9.56,0.4,0.7,0,-4.8,-10,431
16-Feb-24,0,12.7,0,7.1,0,4.5,0,1.1,1007,8,0,12,0,220,0,20,9.13,0.6,0.9,0,-0.5,-10,773
17-Feb-24,0,11.1,0,8.8,0,8.7,0,7.7,1014.2,10.1,0,16,0,180,0,26,9.56,0.3,0.5,0,-7.4,-10,136
18-Feb-24,0,14.2,0,8.3,0,6.2,0,1.4,1018.8,6.1,0,14,0,300,0,20,9.785,0.7,1,0,-0.7,-10,705
19-Feb-24,0,11.7,0,7.5,0,5.2,0,0.6,1022.4,9,0,17,0,230,0,29,9.41,0.7,1,0.1,0.1,-9.4,498
20-Feb-24,0,10.3,0,6.6,0,6.6,0,5.9,1012.5,10.5,0,17,0,220,0,28,9.435,0.3,0.5,0,-5.5,-10,136
21-Feb-24,0,14.1,0,8.6,0,3.8,0,12.6,993.7,13.6,0,20,0,220,0,34,9.747,0.9,1.3,0,-10,-10,639
22-Feb-24,0,8.6,0,3.8,0,4.2,0,1.7,978.4,10.2,0,18,0,260,0,29,8.61,0.7,1.1,0,-1,-10,762
23-Feb-24,0,7.3,0,2,0,0.3,0,0,978.6,8,0,16,0,270,0,24,7.085,0.9,1.2,0.9,0.9,-8.6,775
24-Feb-24,0,10.1,0,2.3,0,-1.5,0,0.1,985.1,5.3,0,11,0,290,0,17,6.756,0.9,1.2,1.7,1.7,-7.4,861
25-Feb-24,0,7.7,0,5,0,-1.9,0,9.9,990.7,10.9,0,17,0,40,0,30,6.938,0.8,1,0,-7.5,-10,165
26-Feb-24,0,9.5,0,0.7,0,0.9,0,0,1008.3,8.4,0,14,0,350,0,22,6.621,1.1,1.6,1.1,1.1,-8.4,1163
27-Feb-24,0,12,0,0.4,0,-3.7,0,0.6,1012.8,8,0,18,0,300,0,24,6.805,0.7,1,1.2,1.2,-7.9,524
28-Feb-24,0,10.7,0,3.4,0,0.5,0,12.3,1004.6,10.4,0,17,0,230,0,26,7.583,0.6,0.8,0,-10,-10,250
29-Feb-24,0,9,0,2.6,0,1.3,0,1.8,990.1,8,0,17,0,260,0,25,7.675,0.8,1.3,0,-1,-10,878
1-Mar-24,0,6.5,0,1.7,0,-3,0,7.5,979.6,11.6,0,21,0,160,0,35,6.445,0.7,1.2,0,-6.8,-10,790
2-Mar-24,0,7.4,0,2,0,0.4,0,2.1,986.6,11.5,0,17,0,320,0,26,5.974,1,1.6,0,-1.1,-10,1054
3-Mar-24,0,9.1,0,1.9,0,-1.3,0,0,993.9,4.5,0,10,0,290,0,14,6.168,0.8,1.2,0.8,0.8,-8.7,799
4-Mar-24,0,8.1,0,4.7,0,-3.1,0,4.3,991.1,13.1,0,24,0,120,0,36,6.415,0.6,0.9,0,-2.9,-10,167
5-Mar-24,0,11.4,0,4.5,0,3.3,0,0.1,1001.2,8.1,0,16,0,190,0,27,6.859,1.4,2,1.3,1.3,-8.2,1279
6-Mar-24,0,10.1,0,4.7,0,-2.7,0,0.8,1009.7,11.1,0,19,0,150,0,26,6.93,0.7,1,1.1,1.1,-8,488
7-Mar-24,0,9.2,0,6.5,0,4.7,0,0,1007.3,10.1,0,14,0,100,0,22,7.577,1,1.6,2.1,2.1,-6.5,904
8-Mar-24,0,8.6,0,6,0,4.7,0,0,997.1,10.8,0,14,0,80,0,26,7.32,1.2,1.7,3.3,3.3,-5,758
9-Mar-24,0,8.8,0,6.4,0,4.8,0,3.8,987.8,11.6,0,16,0,60,0,27,7.073,0.9,1.3,0.4,0.4,-7.6,140
10-Mar-24,0,9.4,0,6.8,0,5.9,0,5.1,990.7,6.9,0,11,0,30,0,19,7.554,0.7,1,0,-3.9,-10,440
11-Mar-24,0,11.1,0,6.9,0,3.4,0,13.2,998.8,5.9,0,16,0,150,0,25,8.07,0.9,1.3,0,-10,-10,715
12-Mar-24,0,11.2,0,9.4,0,7.4,0,3.6,997,13.7,0,18,0,220,0,31,9.028,0.5,0.9,0,-3.1,-10,356
13-Mar-24,0,10.9,0,10.2,0,9.9,0,17,997.2,14.4,0,18,0,200,0,35,9.54,0.4,0.7,0,-10,-10,160
14-Mar-24,0,11.2,0,9.8,0,9.5,0,12,992,13.5,0,18,0,220,0,30,9.76,0.5,0.8,0,-10,-10,270
15-Mar-24,0,12.2,0,4.5,0,8.9,0,0.9,998.4,8.6,0,17,0,220,0,32,9.738,1.2,1.8,0.3,0.3,-9.2,1106
16-Mar-24,0,10.9,0,3.6,0,-1.4,0,17.8,1005.6,8.5,0,14,0,170,0,22,8.935,0.5,0.8,0,-10,-10,179
17-Mar-24,0,12.4,0,9.3,0,8.8,0,0.3,1002.2,10.1,0,17,0,220,0,26,9.815,1.1,1.7,0.8,0.8,-8.7,925
18-Mar-24,0,11.2,0,7.7,0,5.5,0,4.4,1000.1,11.6,0,19,0,200,0,33,9.81,0.6,1.1,0,-3,-10,544
19-Mar-24,0,12.6,0,6.9,0,3.3,0,2.2,1002.2,5.9,0,15,0,220,0,26,10.007,1,1.5,0,-1.2,-10,922
20-Mar-24,0,10.6,0,2.9,0,7.6,0,8.4,1011.6,6.1,0,11,0,340,0,17,9.698,0.7,1,0,-7.7,-10,507
21-Mar-24,0,10.7,0,2.8,0,-1.7,0,0.8,1015,11.9,0,19,0,210,0,32,9.025,0.6,1,0,-0.2,-9.7,525
22-Mar-24,0,11.9,0,3.7,0,2.9,0,0.1,1012.8,9.6,0,17,0,280,0,27,9.047,1.6,2.5,1.5,1.5,-7.7,1591
23-Mar-24,0,10.7,0,3.1,0,0.9,0,0,1009,13.1,0,21,0,290,0,33,7.798,2,3.2,3.5,3.5,-5.3,1694
24-Mar-24,0,9.5,0,5,0,3.7,0,7.1,1000.3,10.2,0,23,0,290,0,32,7.719,0.9,1.4,0,-2.7,-10,746
25-Mar-24,0,10.5,0,6.8,0,6.3,0,10.9,987.4,9.1,0,20,0,130,0,28,8.835,1,1.7,0,-9.9,-10,963
26-Mar-24,0,9.9,0,5.6,0,6,0,14.5,975.6,10.3,0,16,0,50,0,24,8.84,1.1,1.8,0,-10,-10,1020
27-Mar-24,0,8.2,0,2.8,0,2.5,0,6.5,964.9,9.5,0,18,0,160,0,30,8.51,1.2,2,0,-5.3,-10,1476
28-Mar-24,0,10,0,2.6,0,-1.8,0,3.2,965.2,5.3,0,10,0,10,0,18,8,1.3,1.9,0,-1.9,-10,1135
29-Mar-24,0,11.3,0,4.6,0,-0.5,0,1.4,973.9,8,0,16,0,200,0,24,8.334,1.7,2.5,0.3,0.3,-9.2,1564
30-Mar-24,0,11.8,0,5,0,-1.3,0,2.9,981.7,9.5,0,17,0,160,0,26,8.712,1.7,2.8,0,-0.9,-9.9,1756
31-Mar-24,0,11.9,0,7.9,0,5.9,0,2.8,983.4,9.7,0,15,0,110,0,23,9.15,1.4,2.1,0,-1.4,-10,968
1-Apr-24,0,13,0,6.8,0,5.2,0,4.5,985.7,4.9,0,10,0,70,0,17,9.535,1.6,2.2,0,-2.9,-10,1310
2-Apr-24,0,12,0,5,0,0.3,0,9.6,989.2,6.7,0,15,0,50,0,24,9.547,1.1,1.7,0,-8.5,-10,846
3-Apr-24,0,13.1,0,7.5,0,6.7,0,4.5,989.4,8.5,0,17,0,290,0,25,9.595,1.7,2.5,0,-2.8,-10,1313
4-Apr-24,0,12,0,7.5,0,6.8,0,11,988.4,8.3,0,19,0,170,0,29,9.923,0.9,1.3,0,-10,-10,676
5-Apr-24,0,13.5,0,10.3,0,10,0,6.9,986.2,16.7,0,23,0,200,0,38,10.642,1.2,2.2,0,-5.7,-10,1122
6-Apr-24,0,13.4,0,7.4,0,10.1,0,2.8,981.3,18.8,0,27,0,190,0,44,10.835,1.4,2.4,0,-1.4,-10,1012
7-Apr-24,0,12.3,0,7.7,0,6.4,0,9.8,989.8,14.4,0,22,0,190,0,39,10.062,1.8,2.9,0,-8,-10,1500
8-Apr-24,0,11.4,0,5.4,0,5.9,0,25.8,991.2,10.4,0,22,0,320,0,35,9.895,0.8,1.2,0,-10,-10,327
9-Apr-24,0,12.8,0,5.2,0,3.5,0,0.2,1003.3,12.9,0,21,0,270,0,31,8.773,2.8,4.2,2.6,2.6,-6.9,2097
10-Apr-24,0,11.9,0,7.1,0,2.2,0,5.1,1010.9,13.7,0,20,0,220,0,33,9.6,0.8,1.3,0,-1.8,-10,386
11-Apr-24,0,12.4,0,10.2,0,10.1,0,5.7,1016.7,10.8,0,19,0,220,0,31,10.552,0.7,1.2,0,-5,-10,558
12-Apr-24,0,11.8,0,10,0,9.8,0,1,1016.6,12.1,0,16,0,220,0,25,10.68,1,1.7,0,0,-9.5,768
13-Apr-24,0,14.1,0,5.5,0,10,0,0.8,1014.1,10.5,0,18,0,210,0,30,10.8,1.9,2.9,1.1,1.1,-8,1431
14-Apr-24,0,11.3,0,4.3,0,0.8,0,0.2,1010.9,11.1,0,19,0,220,0,31,9.792,1.7,2.8,2.6,2.6,-6,1605
15-Apr-24,0,12.2,0,5.8,0,4.7,0,2.8,1004.3,15.3,0,23,0,290,0,38,9.423,2.5,4.1,2.2,2.2,-6.1,2062
16-Apr-24,0,13.6,0,6,0,4.9,0,0.4,1012.2,11.3,0,19,0,310,0,29,9.215,2.5,3.7,4.2,4.2,-3.7,1674
17-Apr-24,0,12.2,0,4.7,0,3,0,0.8,1012.9,8.1,0,13,0,300,0,20,9.017,1.4,2,4.7,4.7,-2.9,918
18-Apr-24,0,11.9,0,3.7,0,0.1,0,0.1,1016.3,6.4,0,14,0,250,0,23,9.365,1.4,2,6,6,-1.5,1119
19-Apr-24,0,15.5,0,8.2,0,7.5,0,0,1016.6,7.2,0,18,0,310,0,24,10.095,2.1,2.9,7.9,7.9,0.7,1294
20-Apr-24,0,13,0,4.7,0,1.2,0,0,1021.7,4.6,0,8,0,180,0,12,10.262,2.4,3.4,10.2,10.2,3.1,2180
21-Apr-24,0,13.7,0,5.2,0,0.2,0,0,1024.1,4.6,0,8,0,90,0,13,10.403,2.6,3.7,12.5,12.5,5.7,2394
22-Apr-24,0,15.5,0,7,0,3.5,0,0,1022.8,6,0,13,0,0,0,20,10.898,2.5,3.5,14.7,14.7,8.1,1792
23-Apr-24,0,13.8,0,5.4,0,6.3,0,0,1018.2,6.1,0,13,0,340,0,18,11.085,2.5,3.6,16.8,16.8,10.6,2213
24-Apr-24,0,11.3,0,4.1,0,-0.7,0,0,1010.2,5.1,0,9,0,340,0,14,10.372,1.9,2.8,18.5,18.5,12.5,1632
25-Apr-24,0,10.5,0,5.8,0,4.6,0,6.5,999.7,5.7,0,11,0,300,0,15,10.34,1.4,2,13.1,13.1,7.4,939
26-Apr-24,0,9.2,0,4.5,0,5.7,0,2.8,996,8.7,0,14,0,50,0,21,9.702,1.8,2.7,11.9,11.9,6.4,1383
27-Apr-24,0,10.5,0,4.2,0,2.9,0,3.9,997.8,7.4,0,12,0,30,0,17,9.097,1.8,2.7,9.7,9.7,4.3,1387
28-Apr-24,0,12.5,0,3.5,0,0.5,0,2.3,999.4,8.2,0,16,0,230,0,28,9.365,2.4,3.7,9.6,9.6,4.4,2152
29-Apr-24,0,12.5,0,8.7,0,6.2,0,15.7,997.5,11.5,0,20,0,170,0,32,10.375,1.8,2.9,0,-4.5,-9.5,1495
30-Apr-24,0,11.9,0,7.2,0,7.5,0,9.7,995.4,9.6,0,18,0,160,0,27,10.74,1.5,2.4,0,-8.2,-10,1317
1-May-24,0,13.5,0,7.2,0,4.4,0,5.3,1000.5,6.6,0,15,0,150,0,19,10.562,1.9,2.7,0,-3.4,-10,1334
2-May-24,0,10.2,0,7.6,0,5.3,0,8.7,998.9,7.1,0,13,0,300,0,19,10.488,0.7,1,0,-8,-10,247
3-May-24,0,10.9,0,8.6,0,8.2,0,1.4,1000.6,7.6,0,11,0,270,0,17,10.365,0.8,1.2,0,-0.6,-10,415
4-May-24,0,14.2,0,4.6,0,8.7,0,0.2,1001.5,4.9,0,10,0,200,0,14,10.908,2,2.8,1.8,1.8,-7.7,1564
5-May-24,0,13.4,0,4.1,0,-0.1,0,0,999.7,6,0,11,0,50,0,18,10.89,2.3,3.4,4.1,4.1,-5,1927
6-May-24,0,15.9,0,7.5,0,2.9,0,0.1,1005.7,5.4,0,10,0,320,0,16,11.227,1.6,2.2,5.5,5.5,-3.2,811
7-May-24,0,14.7,0,9.5,0,8.9,0,0,1015.7,5.1,0,10,0,320,0,15,11.73,1.9,2.7,7.4,7.4,-1.1,1262
8-May-24,0,14.7,0,9.4,0,6.9,0,0,1020.3,6.4,0,11,0,200,0,17,12.06,1.9,2.7,9.2,9.2,0.8,1339
9-May-24,0,17.6,0,9.5,0,7.3,0,0.1,1018.5,4.3,0,8,0,160,0,12,12.785,3.1,4.2,11.9,11.9,3.8,2229
10-May-24,0,19.6,0,10,0,6.7,0,0,1015.3,4.3,0,10,0,140,0,15,13.648,3.6,4.9,15.1,15.1,7.4,2613
11-May-24,0,19.1,0,9.1,0,5,0,0,1010.8,4.6,0,12,0,140,0,18,13.945,3.3,4.5,17.9,17.9,10.7,2405
12-May-24,0,17.9,0,10.4,0,6.7,0,0,1002.9,5.8,0,11,0,220,0,18,14.46,2.9,4.1,20.4,20.4,13.6,2183
13-May-24,0,14,0,10.1,0,10.9,0,16,993.2,9.9,0,20,0,120,0,33,13.798,0.9,1.5,5.1,5.1,-1.5,651
14-May-24,0,15,0,10.1,0,6.6,0,0.8,989.5,6.4,0,10,0,60,0,18,13.265,1.9,2.8,6.1,6.1,-0.3,1337
15-May-24,0,15.9,0,11.2,0,9.1,0,0,994.5,5.8,0,10,0,90,0,18,13.502,2.8,4,8.8,8.8,2.5,2059
16-May-24,0,17.6,0,9.6,0,5.5,0,9.6,998.7,4.7,0,8,0,300,0,13,14.13,3,4.2,2,2,-4.1,2240
17-May-24,0,15.3,0,11.1,0,12.4,0,4.8,1002.2,4.7,0,10,0,30,0,18,14.302,1.5,2,0,-1.4,-7.2,912
18-May-24,0,15.7,0,10.8,0,7.3,0,0,1008.3,4.9,0,9,0,0,0,13,14.222,1.4,1.9,1.4,1.4,-5.5,840
19-May-24,0,16.5,0,11.2,0,8.1,0,0.1,1009.1,6.3,0,12,0,50,0,17,14.417,3.5,5.1,4.7,4.7,-1.8,2846
20-May-24,0,20.3,0,11,0,7.4,0,0,1006.8,4.3,0,8,0,340,0,11,15.015,3.8,5.2,8.4,8.4,2.1,2693
21-May-24,0,18.7,0,12.3,0,10.6,0,3.8,1003.7,2.7,0,7,0,110,0,11,15.503,2.6,3.4,7,7,0.9,1645
22-May-24,0,17.1,0,11.1,0,9.9,0,0,1004.6,9.3,0,18,0,300,0,26,15.155,2.1,3,9,9,3,1148
23-May-24,0,16.3,0,8.2,0,6.5,0,0,1008.7,11.6,0,20,0,310,0,29,13.835,3.8,5.7,12.4,12.4,6.8,2654
24-May-24,0,13.2,0,8.7,0,7.6,0,0,1010.6,6.4,0,10,0,290,0,15,13.52,2.1,2.8,14.3,14.3,8.8,1114
25-May-24,0,15.3,0,7.3,0,2.8,0,7,1006.1,8.8,0,17,0,140,0,24,13.438,2.1,3.1,9.1,9.1,4,1396
26-May-24,0,16.5,0,10,0,9.7,0,11.7,1001.6,7.2,0,14,0,230,0,23,13.755,2.9,4.2,0,0,-4.9,2166
27-May-24,0,14.3,0,7.9,0,6.4,0,0.7,1004.2,6.8,0,12,0,200,0,20,14.057,2.3,3.6,1.7,1.7,-3,1987
28-May-24,0,16.7,0,11.1,0,12.2,0,5.8,1001,9.6,0,17,0,230,0,28,14.78,2.3,3.6,0,-1.8,-6.3,1781
29-May-24,0,17.6,0,9.5,0,7.1,0,0.7,1003.9,7.5,0,13,0,310,0,19,14.488,2.6,3.7,1.9,1.9,-4.1,1591
30-May-24,0,17,0,10.6,0,8.7,0,0,1010.7,11.1,0,16,0,300,0,26,14.202,2.9,4.3,4.8,4.8,-0.9,1747
31-May-24,0,15.5,0,8.8,0,6.2,0,0,1017.8,6.6,0,11,0,340,0,21,13.985,3.3,4.8,7.9,7.9,2.4,2519
1-Jun-24,0,15.6,0,9.3,0,6.1,0,0,1021.9,4.8,0,9,0,60,0,14,14.19,3,4.2,10.7,10.7,5.4,2269
2-Jun-24,0,17.8,0,9.2,0,6.4,0,0,1021.8,5,0,10,0,240,0,13,14.908,3.1,4.4,13.5,13.5,8.5,2307
3-Jun-24,0,17.5,0,13.3,0,12.6,0,0,1015.1,6,0,10,0,290,0,15,15.483,2.5,3.4,15.7,15.7,11,1457
4-Jun-24,0,17.9,0,8.1,0,11.7,0,1.3,1005.8,7.8,0,16,0,300,0,25,15.42,3,4.2,17,17,12.6,1858
5-Jun-24,0,15.3,0,6.4,0,4.5,0,0,1008,7.6,0,14,0,260,0,23,14.32,3,4.2,19.5,19.5,15.5,1930
6-Jun-24,0,15.5,0,5.6,0,3.1,0,0,1010.4,6.6,0,12,0,230,0,19,14,2.5,3.5,21.5,21.5,17.9,1627
7-Jun-24,0,15.6,0,8.5,0,5.7,0,0,1009.6,7.3,0,14,0,210,0,22,14.345,2.8,4.1,23.7,23.7,20.4,2143
8-Jun-24,0,17.7,0,9.4,0,7.9,0,0.7,1008.6,7.4,0,12,0,340,0,21,14.405,3.6,5.1,25.9,25.9,22.9,2320
9-Jun-24,0,14.9,0,7.8,0,5.9,0,0.3,1007.5,9.8,0,14,0,290,0,25,13.983,2.2,3.2,27.2,27.2,24.5,1361
10-Jun-24,0,15.9,0,7.2,0,6.2,0,0.6,1008.9,7.5,0,14,0,320,0,24,13.785,3.1,4.6,29,29,26.6,2259
11-Jun-24,0,15,0,7.3,0,5.1,0,0,1014.9,6.3,0,11,0,350,0,17,13.57,2.7,3.7,31,31,28.8,1746
12-Jun-24,0,15.4,0,6.6,0,4.5,0,0,1011.8,6.4,0,12,0,220,0,21,13.818,3.4,5,33.4,33.4,31.6,2713
13-Jun-24,0,18.4,0,11.4,0,8.3,0,13.1,999,11.3,0,24,0,160,0,37,14.15,1.9,2.7,21.6,21.6,20,927
14-Jun-24,0,14.9,0,9.3,0,9.1,0,0.1,990.4,7.5,0,13,0,230,0,21,14.802,3.4,5.1,24.3,24.3,23,2777
15-Jun-24,0,14.7,0,9.3,0,6.3,0,4.9,990,7.6,0,13,0,240,0,21,14.485,2.1,3,21,21,19.9,1387
16-Jun-24,0,16.8,0,8.9,0,7.4,0,0.1,995.4,6.4,0,12,0,230,0,18,14.727,3.3,4.8,23.6,23.6,22.8,2479
17-Jun-24,0,17.6,0,11.4,0,10,0,0,1003.7,5.7,0,10,0,330,0,16,15.105,3.1,4.2,26,26,25.5,1930
18-Jun-24,0,15.6,0,10.2,0,10.5,0,0,1011.6,7.1,0,12,0,340,0,20,14.807,2.6,3.6,28,28,27.7,1489
19-Jun-24,0,15.9,0,7.2,0,6.6,0,0,1015.3,5.1,0,8,0,320,0,13,15.002,3.3,4.7,30.4,30.4,30.3,2582
20-Jun-24,0,19.1,0,8.9,0,4.8,0,0,1011.7,6.1,0,11,0,220,0,17,16.515,3.8,5.4,33.2,33.2,33.4,2777
21-Jun-24,0,15.8,0,10.8,0,10.6,0,6.2,1003.8,9.1,0,16,0,200,0,27,16.075,1.6,2.4,28.1,28.1,28.5,986
22-Jun-24,0,17,0,8.1,0,3.9,0,0.1,1006.1,7,0,13,0,220,0,21,15.773,2.6,4,30,30,30.5,2148
23-Jun-24,0,18.9,0,13.2,0,14.1,0,0,1011.1,6.2,0,10,0,220,0,16,18.09,3.6,5.1,32.6,32.6,33.4,2511
24-Jun-24,0,16.1,0,12.6,0,11.3,0,0.2,1011.4,6.1,0,10,0,180,0,15,17.438,1.6,2.2,33.5,33.5,34.4,1032
25-Jun-24,0,18.1,0,13.7,0,14.5,0,0.4,1010.1,5,0,8,0,60,0,15,17.05,1.3,1.7,34,34,34.9,561
26-Jun-24,0,19.5,0,12.9,0,9.8,0,0.1,1005.1,7,0,12,0,230,0,22,17.955,3.6,5.2,36.4,36.4,37.6,2479
27-Jun-24,0,17.3,0,11.8,0,9.8,0,0,1002.3,11.6,0,18,0,240,0,29,17.347,3.1,4.9,38.5,38.5,39.8,2273
28-Jun-24,0,16.4,0,11.4,0,9.6,0,0.6,1007.4,9.7,0,15,0,220,0,23,16.995,3.4,5.1,40.1,40.1,41.6,2373
29-Jun-24,0,16,0,10.1,0,11.9,0,11.2,1006.3,6.9,0,11,0,0,0,18,16.77,1.3,1.9,29.7,29.7,31.3,823
30-Jun-24,0,17.5,0,8.4,0,6.4,0,0,1009.7,6,0,11,0,300,0,17,15.847,2.1,2.8,31.2,31.2,32.9,1135
1-Jul-24,0,20.1,0,10.3,0,10.4,0,1.4,1013.7,6.8,0,13,0,340,0,22,16.15,2.2,3,31.4,31.4,33.2,1173
2-Jul-24,0,15.8,0,9.6,0,5.8,0,0,1011.1,7,0,11,0,210,0,19,15.622,2.3,3.3,33.1,33.1,35,1429
3-Jul-24,0,19.4,0,10,0,10.9,0,0,1002.2,9.4,0,17,0,300,0,26,16.198,3.1,4.4,35.2,35.2,37.3,1921
4-Jul-24,0,17.5,0,8.4,0,5.9,0,0.1,1002.1,8.7,0,16,0,250,0,25,15.295,2.6,3.7,36.9,36.9,39.1,1598
5-Jul-24,0,16.5,0,9.1,0,5.7,0,2.4,997.8,6,0,11,0,250,0,19,15.945,3.1,4.3,36.5,36.5,38.9,2133
6-Jul-24,0,16.6,0,8.6,0,7.2,0,2.7,997,8.9,0,15,0,220,0,24,15.573,3.1,4.8,35.9,35.9,38.4,2475
7-Jul-24,0,16.6,0,9.5,0,7.8,0,0,1001.8,5,0,10,0,230,0,16,15.847,2.7,3.7,37.7,37.7,40.3,1745
8-Jul-24,0,16.6,0,7.9,0,3.7,0,0.8,1003.7,5.6,0,11,0,60,0,17,16.235,2.5,3.5,38.6,38.6,41.2,1863
9-Jul-24,0,16.6,0,12.8,0,12.8,0,16.6,999.1,8.4,0,14,0,40,0,24,16.245,1.3,1.8,22.8,22.8,25.5,725
10-Jul-24,0,19.9,0,11.8,0,10.9,0,0,1004.9,8.4,0,14,0,280,0,23,16.103,3.1,4.2,25.2,25.2,28.1,1625
11-Jul-24,0,17.7,0,10.2,0,7.9,0,1.1,1012.3,7.4,0,13,0,330,0,21,15.78,2.4,3.3,26,26,29,1220
12-Jul-24,0,15.4,0,9.9,0,7.2,0,0,1012.4,5.4,0,11,0,330,0,17,15.327,2.1,2.8,27.6,27.6,30.7,1214
13-Jul-24,0,17.6,0,11.4,0,9.4,0,0,1008.1,4.3,0,9,0,200,0,14,16.265,2.5,3.4,29.5,29.5,32.7,1634
14-Jul-24,0,18.5,0,10.9,0,7.1,0,0,1004.2,4.3,0,9,0,190,0,13,17.395,3.1,4.2,31.7,31.7,35.1,2143
15-Jul-24,0,15.3,0,11.5,0,7.3,0,6.6,1000.8,4.6,0,10,0,280,0,16,16.355,1.3,1.7,26,26,29.4,653
16-Jul-24,0,19.5,0,13.5,0,12.4,0,0,1005.2,7.7,0,12,0,310,0,21,16.788,3,4.3,28.3,28.3,31.9,1869
17-Jul-24,0,18.4,0,10.7,0,6.4,0,0,1011.2,6.3,0,12,0,170,0,18,17.118,2.8,4,30.4,30.4,34,1980
18-Jul-24,0,16.3,0,14.6,0,13.4,0,6,1009.8,8.9,0,14,0,180,0,23,16.84,1,1.5,25.1,25.1,28.8,548
19-Jul-24,0,17.8,0,14.4,0,15.6,0,1.4,1005.5,8.7,0,14,0,190,0,22,17.347,2,3,25.3,25.3,29,1391
20-Jul-24,0,18.2,0,11.1,0,13.5,0,5.4,999.9,7.2,0,14,0,310,0,23,17.292,1.8,2.5,21.3,21.3,25.1,1025
21-Jul-24,0,17.4,0,9.7,0,7.5,0,3.2,1003,8.2,0,14,0,210,0,21,16.675,2.4,3.8,20.1,20.1,24,1982
22-Jul-24,0,18.6,0,14,0,14.4,0,0.9,1004.3,8.1,0,13,0,210,0,21,17.865,2.8,4.1,21.4,21.4,25.5,1976
23-Jul-24,0,19.2,0,13.1,0,11.2,0,0,1011.2,5.7,0,13,0,270,0,19,17.827,2.4,3.2,23.3,23.3,27.5,1403
24-Jul-24,0,16.5,0,13.4,0,10.5,0,8.9,1009,8.6,0,15,0,180,0,24,17.013,1,1.6,15.3,15.3,19.4,678
25-Jul-24,0,17.9,0,11.7,0,14.6,0,0.2,1001.6,6.9,0,13,0,210,0,21,17.295,2.2,3.1,16.9,16.9,21.2,1417
26-Jul-24,0,17.5,0,9.5,0,6.3,0,0,1002.9,7.6,0,16,0,210,0,25,17.08,3.3,4.8,19.7,19.7,24.1,2564
27-Jul-24,0,19.2,0,12.3,0,10.5,0,0.7,1008.9,5.9,0,10,0,230,0,20,17.568,2.7,3.8,21.2,21.2,25.7,1781
28-Jul-24,0,20.3,0,12.4,0,10.4,0,0,1015.9,5.8,0,9,0,210,0,15,18.525,3.7,5.2,24.2,24.2,28.9,2640
29-Jul-24,0,19.2,0,12.5,0,9.1,0,0.1,1013.1,5.3,0,10,0,200,0,15,18.798,3,4.1,26.4,26.4,31.2,2116
30-Jul-24,0,17.7,0,12.6,0,11.4,0,0,1012.4,5.5,0,9,0,330,0,15,18.597,2.4,3.3,28.3,28.3,33.1,1501
31-Jul-24,0,19.1,0,12,0,9.8,0,0,1009.2,6.4,0,11,0,40,0,18,18.295,3.2,4.4,30.7,30.7,35.6,2073
1-Aug-24,0,21.5,0,14,0,10.7,0,0,1006.9,6,0,11,0,230,0,17,19.222,3.5,4.8,33.2,33.2,38.2,2262
2-Aug-24,0,19.3,0,12.5,0,13.3,0,2.6,1003.3,9.5,0,16,0,230,0,28,18.37,1.6,2.3,31.7,31.7,36.7,901
3-Aug-24,0,17.9,0,10.7,0,8.2,0,0,1005.2,6.3,0,12,0,220,0,19,17.13,2.7,3.7,33.6,33.6,38.7,1731
4-Aug-24,0,17.9,0,13,0,10.4,0,0.6,1003.7,9.6,0,16,0,200,0,27,17.055,1.5,2.2,34,34,39.1,859
5-Aug-24,0,18,0,13.1,0,16.5,0,5.1,998.8,10,0,15,0,190,0,26,17.625,0.9,1.5,29.6,29.6,34.7,553
6-Aug-24,0,18,0,10.7,0,8,0,0,1000.4,8.6,0,16,0,220,0,28,16.92,2.6,3.9,31.5,31.5,36.6,1912
7-Aug-24,0,17.4,0,13.9,0,12.1,0,0,1002.5,9.2,0,16,0,220,0,27,16.72,2.3,3.3,33.1,33.1,38.3,1349
8-Aug-24,0,17.2,0,14.4,0,12.3,0,1.7,1000.9,9.6,0,15,0,220,0,25,16.995,1.1,1.7,32.2,32.2,37.4,695
9-Aug-24,0,18.7,0,12.9,0,10.9,0,0,1005.2,9.4,0,17,0,230,0,27,17.283,3,4.5,34.3,34.3,39.6,2207
10-Aug-24,0,21.8,0,13.5,0,15,0,1.7,1010.6,5.8,0,10,0,240,0,16,18.85,3.5,4.8,35,35,40.3,2353
11-Aug-24,0,20.4,0,12.4,0,8.9,0,0.4,1006.2,5.5,0,13,0,140,0,18,18.38,1.7,2.3,35.8,35.8,41.1,954
12-Aug-24,0,19.5,0,14.8,0,14.4,0,0.3,999.1,9.6,0,16,0,150,0,23,18.905,3.1,4.7,37.6,37.6,43,2317
13-Aug-24,0,20,0,12.8,0,13.8,0,2.3,1000.7,9.6,0,16,0,170,0,26,18.49,2.4,3.3,36.9,36.9,42.3,1337
14-Aug-24,0,18.2,0,10.1,0,9.2,0,0,1007.3,7.7,0,14,0,210,0,23,17.615,2.8,4.2,38.7,38.7,44.2,2214
15-Aug-24,0,19.8,0,12.2,0,14.6,0,3.2,1003.9,10.6,0,17,0,210,0,28,17.82,1.7,2.4,36.6,36.6,42.1,828
16-Aug-24,0,17.6,0,10.1,0,6.6,0,0,1008.7,6.9,0,12,0,220,0,20,16.682,2.9,4.2,38.6,38.6,44.1,2071
17-Aug-24,0,17.6,0,12.2,0,10.1,0,0,1006.2,6.6,0,13,0,230,0,22,16.845,2.2,3,40,40,45.5,1219
18-Aug-24,0,18.6,0,11,0,8.8,0,0.1,1007.4,6.1,0,11,0,220,0,17,16.427,2.1,2.9,41.3,41.3,46.8,1305
19-Aug-24,0,17.3,0,12.7,0,11.3,0,3,1001.9,10.8,0,20,0,190,0,33,16.415,1.2,1.8,39,39,44.6,739
20-Aug-24,0,18,0,10.5,0,8.5,0,0.2,1003.2,10.3,0,17,0,270,0,32,15.977,2.6,3.9,40.4,40.4,46,1935
21-Aug-24,0,16.7,0,10.5,0,8.6,0,0.7,1001.9,12.5,0,20,0,200,0,33,15.19,1.5,2.3,40.7,40.7,46.3,891
22-Aug-24,0,16.8,0,12.5,0,13.5,0,16.7,989.6,12.1,0,23,0,200,0,39,16.04,1.7,2.7,25.1,25.1,30.7,1186
23-Aug-24,0,16.8,0,10.6,0,8.8,0,0.4,989.2,12.2,0,23,0,220,0,41,15.872,2.1,3.7,26.3,26.3,32,2129
24-Aug-24,0,16.8,0,9.5,0,8.1,0,2.3,999.6,7.6,0,14,0,270,0,21,15.283,2.4,3.5,25.9,25.9,31.6,1769
25-Aug-24,0,16.6,0,9.6,0,7.7,0,0.4,1005.9,11.3,0,20,0,220,0,34,14.753,1.7,2.5,26.7,26.7,32.5,1018
26-Aug-24,0,17.2,0,11.7,0,9.9,0,1.9,1006.9,9.8,0,17,0,190,0,27,15.185,1.4,2.2,25.9,25.9,31.7,1030
27-Aug-24,0,16.6,0,14.4,0,15.4,0,24.9,1003.8,10.7,0,16,0,180,0,28,16.09,0.7,1.1,1.6,1.6,7.4,412
28-Aug-24,0,18.1,0,11.1,0,11.4,0,0,1004.8,7.2,0,14,0,230,0,25,16.507,2.1,3,3.6,3.6,9.4,1619
29-Aug-24,0,18.3,0,10.4,0,8.6,0,0.1,1010.7,7,0,12,0,230,0,19,15.972,2.5,3.6,5.9,5.9,11.8,1873
30-Aug-24,0,16.3,0,9.9,0,9.2,0,0,1016,5.7,0,9,0,70,0,14,16.247,2.5,3.6,8.3,8.3,14.3,2136
31-Aug-24,0,17.5,0,10.5,0,10,0,0.1,1014,5.2,0,9,0,70,0,14,16.77,2.4,3.3,10.4,10.4,16.4,1958
1-Sep-24,0,17.1,0,13.8,0,11.2,0,0,1007.1,3.4,0,6,0,80,0,11,16.702,1,1.2,11.2,11.2,17.3,398
2-Sep-24,0,17.1,0,12.5,0,15.1,0,4,1004,6.4,0,15,0,310,0,22,16.725,1.2,1.6,8.3,8.3,14.4,635
3-Sep-24,0,17.6,0,9.1,0,8,0,0,1008.5,6.3,0,11,0,250,0,18,15.637,1.5,2.1,9.7,9.7,15.8,900
4-Sep-24,0,15.5,0,8.5,0,6.8,0,0.8,1012.3,6.2,0,12,0,290,0,17,14.677,1.8,2.4,10.5,10.5,16.7,1124
5-Sep-24,0,16.7,0,9,0,8.4,0,2.3,1009.5,11.2,0,17,0,0,0,29,14.415,1.3,1.9,9.4,9.4,15.6,762
6-Sep-24,0,20.5,0,15.6,0,14.2,0,0,1004.4,8.7,0,14,0,20,0,24,16.147,1.9,2.5,11.1,11.1,17.4,907
7-Sep-24,0,20.1,0,14.9,0,13.7,0,0,1002.4,5.6,0,9,0,40,0,14,16.497,1.4,1.9,12.4,12.4,18.7,644
8-Sep-24,0,18.9,0,11.1,0,13.9,0,0,1001.8,10,0,16,0,330,0,24,16.59,2.1,2.9,14.2,14.2,20.6,1273
9-Sep-24,0,17.7,0,10.5,0,8.8,0,0,1007,8.6,0,15,0,330,0,23,15.132,2.6,3.6,16.5,16.5,22.9,1784
10-Sep-24,0,15.3,0,9.1,0,12.1,0,2.8,1002.4,9.6,0,14,0,260,0,23,14.993,1.7,2.4,15.1,15.1,21.6,961
11-Sep-24,0,15.2,0,8.1,0,6.2,0,0.4,1007,10,0,19,0,300,0,28,12.98,2.3,3.3,16.7,16.7,23.3,1536
12-Sep-24,0,14.8,0,5.7,0,4.2,0,0.1,1014.5,6.8,0,12,0,310,0,19,12.778,2.1,3,18.4,18.4,25,1683
13-Sep-24,0,15.1,0,5.5,0,3.8,0,0,1020.5,7.2,0,13,0,220,0,21,12.565,1.6,2.3,19.8,19.8,26.4,1168
14-Sep-24,0,17.5,0,13.8,0,11.4,0,0,1018.9,11.2,0,17,0,200,0,27,14.22,2,2.8,21.4,21.4,28.1,1128
15-Sep-24,0,18.2,0,10.8,0,13.6,0,7.9,1017.8,7.2,0,13,0,210,0,22,15.09,1.1,1.5,14.4,14.4,21.1,635
16-Sep-24,0,17.3,0,10.2,0,8.7,0,0.1,1021.8,4.2,0,9,0,90,0,13,15.182,1.8,2.6,15.9,15.9,22.6,1584
17-Sep-24,0,19.4,0,11.1,0,9.4,0,0.3,1023.9,3.8,0,6,0,10,0,10,15.628,2,2.8,17.4,17.4,24.1,1701
18-Sep-24,0,16.4,0,10.6,0,9.7,0,0.3,1021.6,5.9,0,11,0,50,0,17,15.507,1.8,2.6,18.5,18.5,25.3,1676
19-Sep-24,0,18,0,11.5,0,11,0,0.2,1018.7,7.7,0,13,0,40,0,20,15.338,2,2.8,20,20,26.8,1630
20-Sep-24,0,15.5,0,12.2,0,11,0,0,1015.7,7.5,0,13,0,30,0,21,14.688,1.1,1.5,20.9,20.9,27.7,611
21-Sep-24,0,16.3,0,13.1,0,12,0,4.2,1011.3,7.5,0,12,0,40,0,18,14.445,1,1.4,17.5,17.5,24.3,510
22-Sep-24,0,16.3,0,13.5,0,13.1,0,2.3,1005.2,8,0,12,0,10,0,20,14.91,1,1.4,16.1,16.1,22.9,525
23-Sep-24,0,14.5,0,10.3,0,12.8,0,1.3,1000.3,7,0,11,0,10,0,19,14.62,0.8,1.1,15.4,15.4,22.3,334
24-Sep-24,0,15.1,0,10.1,0,8.7,0,0,997.6,5,0,9,0,250,0,12,13.778,1.3,1.8,16.6,16.6,23.5,670
25-Sep-24,0,14.7,0,9.4,0,9.6,0,24.6,986.1,4.9,0,10,0,190,0,16,13.395,0.8,1,0,-7.3,-0.4,277
26-Sep-24,0,12.5,0,8.6,0,9.9,0,22.6,982.1,8.6,0,21,0,0,0,34,13.077,0.7,1,0,-10,-10,331
27-Sep-24,0,13.4,0,5.6,0,6.1,0,0.1,1002,10.6,0,17,0,330,0,30,11.757,1.8,2.6,1.7,1.7,-7.8,1472
28-Sep-24,0,14.1,0,4.9,0,3.3,0,0,1016.1,5.2,0,9,0,150,0,14,11.41,1.5,2.1,3.1,3.1,-6,1321
29-Sep-24,0,13.9,0,11.1,0,6.1,0,31.1,1001,16.1,0,23,0,140,0,39,11.8,1.4,1.8,0,-10,-10,244
30-Sep-24,0,14.7,0,9.4,0,9,0,3,998,9.3,0,14,0,290,0,23,12.33,1.1,1.6,0,-1.9,-10,702
1-Oct-24,0,15.6,0,7.8,0,6.2,0,0.2,1007.3,7.6,0,13,0,350,0,21,12.298,1.5,2.1,1.3,1.3,-8.2,1245
2-Oct-24,0,15.3,0,9.9,0,8,0,0.3,1011.3,8.1,0,13,0,50,0,21,12.898,1.4,2,2.4,2.4,-6.7,1047
3-Oct-24,0,15.1,0,10.4,0,8.7,0,0,1012.5,7.4,0,13,0,140,0,18,13.165,1.5,2.1,3.9,3.9,-4.8,1221
4-Oct-24,0,14.5,0,13,0,10.6,0,3.7,1007.9,13.6,0,17,0,170,0,27,13.083,1,1.4,1.2,1.2,-7.3,267
5-Oct-24,0,14.3,0,11.4,0,11.8,0,12.1,998,16.1,0,24,0,150,0,37,13.257,0.9,1.4,0,-10,-10,518
6-Oct-24,0,16.1,0,11.9,0,10.4,0,7.1,987.6,8.6,0,17,0,160,0,29,13.892,1.1,1.6,0,-6,-10,908
7-Oct-24,0,16,0,12,0,11.4,0,14.1,982.5,8.1,0,15,0,170,0,23,13.955,1,1.4,0,-10,-10,762
8-Oct-24,0,15.7,0,9.4,0,9.2,0,5.7,980.4,6.2,0,12,0,70,0,18,13.81,0.9,1.3,0,-4.8,-10,836
9-Oct-24,0,13.5,0,9.3,0,10.1,0,0.1,988.3,8.9,0,15,0,0,0,25,13.095,1.1,1.5,1,1,-8.5,672
10-Oct-24,0,10.5,0,2.9,0,6.5,0,0,1001.5,7.9,0,12,0,320,0,21,11.307,1.1,1.6,2,2,-7,1100
11-Oct-24,0,12.2,0,2.8,0,1.2,0,0,1007,4.2,0,7,0,320,0,12,9.815,1.1,1.6,3.1,3.1,-5.6,1214
12-Oct-24,0,12.6,0,3.9,0,0.7,0,0.8,1004,7,0,14,0,260,0,21,9.193,1.2,1.6,3.5,3.5,-4.9,973
13-Oct-24,0,11.2,0,4,0,2.8,0,6.8,1007.8,5.1,0,9,0,100,0,15,9.055,0.7,0.9,0,-2.6,-10,409
14-Oct-24,0,12.6,0,9.5,0,6.5,0,0.6,1005.3,5.9,0,11,0,50,0,18,11.052,0.7,1,0.1,0.1,-9.4,457
15-Oct-24,0,15.1,0,11.7,0,10.2,0,18.9,998.6,9.4,0,17,0,130,0,27,12.48,0.5,0.8,0,-10,-10,244
16-Oct-24,0,14.8,0,12.6,0,12.9,0,9.6,991.2,6.8,0,10,0,130,0,16,13.472,0.5,0.7,0,-9.1,-10,180
17-Oct-24,0,15.8,0,7.8,0,11.2,0,1.9,999.4,7.2,0,12,0,190,0,19,13.29,0.8,1.2,0,-1.1,-10,978
18-Oct-24,0,15,0,7.8,0,5.7,0,6.5,1000,10.9,0,18,0,180,0,34,12.543,0.5,0.7,0,-6,-10,92
19-Oct-24,0,14.4,0,9.1,0,7.2,0,0.4,1000.1,7.7,0,19,0,170,0,29,12.148,0.9,1.2,0.5,0.5,-9,892
20-Oct-24,0,15.3,0,11.4,0,10.5,0,7.9,994.7,20.1,0,29,0,230,0,49,12.642,1.2,1.8,0,-6.2,-10,774
21-Oct-24,0,14.9,0,8.4,0,6.7,0,3.1,1007.5,10.4,0,18,0,230,0,27,11.555,1,1.4,0,-2.1,-10,927
22-Oct-24,0,15,0,8,0,5.7,0,0.6,1017.1,4.3,0,11,0,220,0,17,11.79,0.6,0.9,0,0,-9.5,678
23-Oct-24,0,14,0,7.5,0,5.5,0,0.2,1016,9.2,0,18,0,170,0,27,11.49,0.6,0.9,0.4,0.4,-8.6,618
24-Oct-24,0,15,0,12.4,0,10.5,0,0.8,1003.4,14.6,0,19,0,180,0,30,12.27,0.9,1.1,0.5,0.5,-8.1,115
25-Oct-24,0,14.8,0,11.4,0,12,0,1.8,1001.5,9.8,0,18,0,120,0,30,12.825,0.8,1,0,-0.6,-8.8,570
26-Oct-24,0,14.1,0,5.6,0,8.7,0,0.8,1008.6,7.2,0,14,0,310,0,20,11.875,0.6,0.8,0,-0.2,-8.5,383
27-Oct-24,0,13.7,0,3.4,0,2.3,0,7.4,1012.9,8.9,0,16,0,210,0,25,10.425,0.4,0.6,0,-7,-10,267
28-Oct-24,0,16.2,0,11,0,8.8,0,0.5,1011.9,8.2,0,15,0,230,0,24,12.628,0.6,0.9,0.1,0.1,-9.4,464
29-Oct-24,0,13.2,0,9.6,0,8.2,0,0.1,1018.1,3.7,0,9,0,290,0,13,11.91,0.6,0.8,0.6,0.6,-8.4,414
30-Oct-24,0,12.6,0,10.3,0,10.3,0,0,1021.8,2.6,0,5,0,220,0,9,12.118,0.5,0.7,1.1,1.1,-7.5,184
31-Oct-24,0,13.1,0,11.4,0,10.5,0,0,1019.1,3.6,0,7,0,250,0,11,12.21,0.7,0.9,1.8,1.8,-6.4,279
1-Nov-24,0,12.7,0,11.1,0,9.8,0,0,1019.1,3.5,0,6,0,330,0,11,12.077,0.7,0.9,2.5,2.5,-5.4,249
2-Nov-24,0,12.3,0,11.1,0,10.5,0,0,1021.8,3.2,0,7,0,120,0,10,11.993,0.6,0.8,3.1,3.1,-4.5,101
3-Nov-24,0,12.9,0,11.5,0,10.5,0,0,1019.3,4.2,0,8,0,110,0,13,12.062,0.6,0.7,3.7,3.7,-3.7,131
4-Nov-24,0,13.1,0,9,0,11.1,0,1.4,1015.4,3.4,0,7,0,140,0,10,12.13,0.5,0.7,2.8,2.8,-4.4,214
5-Nov-24,0,14,0,10,0,7.2,0,1.7,1013.6,7.2,0,12,0,150,0,18,12.21,0.5,0.7,1.6,1.6,-5.3,137
6-Nov-24,0,14.2,0,13.5,0,12.7,0,2.1,1018.2,7.6,0,12,0,160,0,19,13.11,0.4,0.6,0,-0.1,-6.7,84
7-Nov-24,0,13.7,0,12.3,0,12.1,0,0.5,1018.8,9.6,0,14,0,140,0,20,12.86,0.5,0.7,0,0,-6.3,74
8-Nov-24,0,12.9,0,11.4,0,10.9,0,0.4,1015.6,6.5,0,12,0,140,0,17,12.43,0.6,0.7,0.2,0.2,-5.9,80
9-Nov-24,0,12.8,0,11.4,0,11,0,0.6,1014.8,5.8,0,10,0,150,0,15,12.287,0.5,0.6,0.1,0.1,-5.7,125
10-Nov-24,0,14.8,0,9.3,0,11.6,0,1,1020.6,5.4,0,9,0,340,0,15,12.87,0.3,0.5,0,-0.6,-6.1,225
11-Nov-24,0,12.8,0,6.1,0,6,0,0.1,1029.5,4.9,0,8,0,340,0,11,11.358,0.3,0.5,0.2,0.2,-5.5,552
12-Nov-24,0,11.8,0,5.6,0,4.8,0,0.2,1032,6.4,0,8,0,350,0,12,9.997,0.4,0.6,0.5,0.5,-5,423
13-Nov-24,0,11.8,0,5.5,0,4.9,0,0,1029.9,6.6,0,11,0,330,0,17,9.753,0.4,0.5,0.8,0.8,-4.4,565
14-Nov-24,0,14,0,9.4,0,6.2,0,1.4,1025.9,5.9,0,11,0,340,0,17,10.793,0.4,0.5,0,-0.2,-5.2,215
15-Nov-24,0,12.1,0,9.8,0,9.2,0,0.4,1019.1,3.5,0,7,0,240,0,12,11.328,0.5,0.6,0.1,0.1,-4.9,158
16-Nov-24,0,12.2,0,6.3,0,7.2,0,0.2,1013.2,6.8,0,12,0,340,0,21,10.622,0.4,0.5,0.3,0.3,-4.4,363
17-Nov-24,0,11,0,6.2,0,4.7,0,4.3,1008.9,6.9,0,11,0,250,0,19,9.592,0.5,0.6,0,-3.6,-8,190
18-Nov-24,0,9.1,0,5.8,0,6.5,0,11,999,4.9,0,9,0,300,0,13,9.66,0.4,0.5,0,-10,-10,83
19-Nov-24,0,6,0,0.6,0,4.3,0,8.8,996.7,6.9,0,14,0,340,0,22,8.555,0.3,0.4,0,-8.5,-10,247
20-Nov-24,0,6.1,0,-0.1,0,-1.6,0,0,1003.6,6,0,12,0,280,0,19,6.057,0.4,0.5,0.4,0.4,-9.1,542
21-Nov-24,0,4.8,0,0.6,0,-0.2,0,3.5,996.1,9.1,0,17,0,300,0,24,5.896,0.5,0.7,0,-2.6,-10,221
22-Nov-24,0,6.8,0,-0.3,0,-1.5,0,3,1000.8,8.2,0,15,0,190,0,26,4.625,0.3,0.4,0,-2.7,-10,404
23-Nov-24,0,14.6,0,5.7,0,0.4,0,36.3,985.1,19.6,0,29,0,170,0,45,8.578,0.6,0.9,0,-10,-10,49
24-Nov-24,0,14,0,8.7,0,7.9,0,0.7,977,15.5,0,22,0,220,0,36,9.788,0.8,1,0.1,0.1,-9.4,167
25-Nov-24,0,8.8,0,3.4,0,3.5,0,0.1,991.2,9.2,0,15,0,240,0,23,7.759,0.3,0.3,0.2,0.2,-8.8,486
26-Nov-24,0,10.5,0,2,0,-0.7,0,0.2,1004.2,4.4,0,10,0,340,0,14,6.319,0.3,0.4,0.3,0.3,-8.2,437
27-Nov-24,0,8.1,0,2.6,0,-0.3,0,1.3,1009.8,6.4,0,10,0,340,0,16,6.382,0.2,0.3,0,-0.7,-8.9,428
28-Nov-24,0,12.2,0,3.1,0,-1.5,0,2,1013.9,12.1,0,20,0,150,0,32,6.698,0.5,0.7,0,-1.5,-9.9,85
29-Nov-24,0,13.2,0,11.8,0,6,0,9.8,1008.7,15.5,0,22,0,150,0,35,9.78,0.4,0.7,0,-9.4,-10,32
30-Nov-24,0,13.5,0,12.6,0,11.6,0,5.4,1005.7,13.5,0,19,0,190,0,30,11.04,0.4,0.5,0,-5,-10,104
1-Dec-24,0,13.1,0,7.7,0,11,0,3.9,1001.7,9.3,0,15,0,180,0,25,11.112,0.3,0.4,0,-3.6,-10,219
2-Dec-24,0,8.3,0,2.4,0,2.5,0,0,1009.3,8.7,0,19,0,300,0,26,8.356,0.2,0.2,0.2,0.2,-9.3,418
3-Dec-24,0,9.2,0,-0.4,0,-5,0,1.1,1014.7,3.4,0,9,0,230,0,14,6.6,0.1,0.2,0,-0.8,-9.8,170
4-Dec-24,0,12.8,0,3.3,0,-0.9,0,6.9,1008.4,10.5,0,21,0,180,0,34,8.116,0.3,0.4,0,-6.6,-10,55
5-Dec-24,0,12.8,0,6.1,0,7.2,0,2.6,998.7,12.2,0,24,0,230,0,41,9.707,0.5,0.7,0,-2.1,-10,61
6-Dec-24,0,12.8,0,3.8,0,-0.2,0,12.7,995.1,13.7,0,33,0,250,0,56,7.965,0.5,0.7,0,-10,-10,50
7-Dec-24,0,9,0,5.3,0,4.6,0,1.3,998.9,23.5,0,36,0,270,0,56,7.217,1.4,1.9,0.1,0.1,-9.4,288
8-Dec-24,0,7.4,0,3.8,0,1.3,0,0,1023.2,13.4,0,22,0,320,0,34,5.845,0.7,0.7,0.8,0.8,-8.3,384
9-Dec-24,0,8.3,0,4.6,0,2.4,0,4.1,1030.5,9.6,0,15,0,40,0,24,6.537,0.5,0.6,0,-2.8,-10,167
10-Dec-24,0,8,0,5.9,0,3.9,0,0,1029.1,10.3,0,15,0,40,0,23,6.601,1,1.2,1,1,-8.5,130
11-Dec-24,0,6.4,0,5.2,0,3.4,0,0,1026.8,5.1,0,9,0,50,0,15,6.467,0.7,0.8,1.7,1.7,-7.4,95
12-Dec-24,0,6.1,0,5.1,0,4.2,0,0,1023.7,3.3,0,6,0,100,0,10,6.534,0.5,0.7,2.2,2.2,-6.5,33
13-Dec-24,0,7,0,3.1,0,-1.1,0,0,1019.4,5.8,0,9,0,300,0,14,6.174,0.2,0.3,2.4,2.4,-6,343
14-Dec-24,0,9.1,0,3.3,0,-0.8,0,0.1,1018.2,8.3,0,16,0,250,0,22,5.88,0.3,0.3,2.6,2.6,-5.5,240
15-Dec-24,0,12.1,0,9.1,0,1.7,0,0,1020.2,9,0,15,0,230,0,24,8.165,0.2,0.3,2.8,2.8,-5,304
16-Dec-24,0,11,0,9.1,0,6.5,0,0,1020.3,8.8,0,13,0,220,0,22,8.56,0.5,0.6,3.3,3.3,-4.2,100
17-Dec-24,0,12.7,0,9.5,0,7,0,9.7,1005.3,15,0,25,0,180,0,38,9.252,0.4,0.6,0,-6.1,-10,29
18-Dec-24,0,12.3,0,5.1,0,7.4,0,11.4,993.1,11.3,0,22,0,210,0,40,9.74,0.3,0.5,0,-10,-10,78
19-Dec-24,0,6.8,0,2.8,0,0.6,0,0.2,1006.7,11,0,18,0,290,0,32,6.624,0.4,0.4,0.2,0.2,-9.3,366
20-Dec-24,0,10.5,0,3.8,0,0.3,0,3.2,1010.7,8.5,0,15,0,230,0,27,6.541,0.3,0.4,0,-2.7,-10,201
21-Dec-24,0,11.4,0,4.7,0,2.6,0,1.4,1005,15.8,0,23,0,270,0,36,7.586,0.4,0.5,0,-1,-10,270
22-Dec-24,0,7.6,0,3.2,0,0.9,0,0.8,1010.3,13.8,0,20,0,290,0,35,5.738,0.9,0.9,0.1,0.1,-9.4,351
23-Dec-24,0,12.4,0,2.9,0,0.2,0,0.3,1017.8,7.4,0,13,0,270,0,20,6.042,0.5,0.6,0.2,0.2,-8.8,90
24-Dec-24,0,12.5,0,9.3,0,5,0,0.2,1018.5,7.4,0,13,0,290,0,23,8.403,0.3,0.3,0.3,0.3,-8.3,161
25-Dec-24,0,10.9,0,8.9,0,8.5,0,2.1,1022.5,9.5,0,13,0,230,0,22,9.082,0.2,0.3,0,-1.6,-9.8,140
26-Dec-24,0,10.3,0,8.2,0,7.4,0,1.5,1025.3,4.9,0,9,0,220,0,14,9.092,0.1,0.1,0,-1.4,-10,193
27-Dec-24,0,9.2,0,8.2,0,7.7,0,1.9,1023.5,3.3,0,7,0,210,0,10,9.085,0.1,0.2,0,-1.8,-10,172
28-Dec-24,0,9,0,6.7,0,6.4,0,1.1,1021.3,4.6,0,9,0,250,0,12,8.95,0.1,0.2,0,-1,-10,142
29-Dec-24,0,10.5,0,5.4,0,-0.7,0,0.1,1021.6,5.9,0,10,0,240,0,17,8.424,0.2,0.2,0.1,0.1,-9.4,265
30-Dec-24,0,10.1,0,7.7,0,1.6,0,1.9,1016.4,13.6,0,18,0,220,0,29,8.426,0.4,0.6,0,-1.4,-10,190
31-Dec-24,0,11.4,0,10.1,0,7.8,0,13.3,1004.3,17.8,0,23,0,220,0,40,9.278,0.7,0.9,0,-10,-10,37
,,,,,,,,,,,,,,,,,,,,,,,
,,,,,,,,,,,,,,,,,,,,,,,
,,,,,,,,,,,,,,,,,,,,,,,
,,,,,,,,,,,,,,,,,,,,,,,
,,,,,,,,,,,,,,,,,,,,,,,
,,,,,,,,,,,,,,,,,,,,,,,
,,,,,,,,,,,,,,,,,,,,,,,
,,,,,,,,,,,,,,,,,,,,,,,
,,,,,,,,,,,,,,,,,,,,,,,
,,,,,,,,,,,,,,,,,,,,,,,
,,,,,,,,,,,,,,,,,,,,,,,
,,,,,,,,,,,,,,,,,,,,,,,
,,,,,,,,,,,,,,,,,,,,,,,
,,,,,,,,,,,,,,,,,,,,,,,
,,,,,,,,,,,,,,,,,,,,,,,
,,,,,,,,,,,,,,,,,,,,,,,
,,,,,,,,,,,,,,,,,,,,,,,
,,,,,,,,,,,,,,,,,,,,,,,
,,,,,,,,,,,,,,,,,,,,,,,
,,,,,,,,,,,,,,,,,,,,,,,
,,,,,,,,,,,,,,,,,,,,,,,
,,,,,,,,,,,,,,,,,,,,,,,
,,,,,,,,,,,,,,,,,,,,,,,
,,,,,,,,,,,,,,,,,,,,,,,
,,,,,,,,,,,,,,,,,,,,,,,
,,,,,,,,,,,,,,,,,,,,,,,
,,,,,,,,,,,,,,,,,,,,,,,
,,,,,,,,,,,,,,,,,,,,,,,
,,,,,,,,,,,,,,,,,,,,,,,
,,,,,,,,,,,,,,,,,,,,,,,
,,,,,,,,,,,,,,,,,,,,,,,
