date,rain,maxtp,mintp,glorad,solargen
2023-04-01,2.99,11.81,5.82,1088.88,2127.56
2023-04-02,0.0,12.19,3.68,1329.0,2666.57
2023-04-03,0.54,11.25,5.64,731.12,2370.33
2023-04-04,4.15,12.04,7.1,835.75,3397.26
2023-04-05,2.44,13.5,7.4,820.0,2005.28
2023-04-06,0.6,12.72,3.49,1724.38,4367.59
2023-04-07,0.0,13.61,2.07,1681.5,4935.28
2023-04-08,0.0,13.51,6.25,1207.25,4538.97
2023-04-09,3.42,12.6,8.57,609.25,2040.88
2023-04-10,5.0,11.35,4.61,1415.25,3755.25
2023-04-11,11.32,9.21,2.7,579.62,1971.66
2023-04-12,8.14,8.91,1.98,919.0,3045.91
2023-04-13,0.52,11.75,2.19,1885.25,4834.65
2023-04-14,1.18,12.82,1.59,1875.38,5478.06
2023-04-15,3.35,11.63,1.16,1098.25,5006.32
2023-04-16,0.54,16.7,9.31,1125.38,3675.98
2023-04-17,0.06,15.84,8.85,1203.88,4254.34
2023-04-18,0.04,14.5,6.91,1893.12,6206.56
2023-04-19,0.09,13.02,5.55,1508.25,4900.98
2023-04-20,0.16,13.29,5.69,2384.0,8456.35
2023-04-21,0.46,14.64,4.64,1525.0,5009.88
2023-04-22,5.74,10.21,4.55,942.25,4316.03
2023-04-23,3.08,12.95,5.1,1396.88,5093.94
2023-04-24,2.64,10.2,2.09,1376.5,3573.18
2023-04-25,0.15,11.06,-0.29,1507.5,4723.81
2023-04-26,0.91,12.42,6.3,1253.38,6610.98
2023-04-27,2.47,13.46,8.46,797.12,3504.65
2023-04-28,1.05,16.06,9.71,1228.12,4470.68
2023-04-29,3.45,16.66,9.71,1228.12,5059.84
2023-04-30,3.18,16.06,10.58,1719.12,6419.72
2023-05-01,0.18,15.26,8.1,1627.62,6610.33
2023-05-02,0.0,16.31,7.49,1725.38,7547.87
2023-05-03,0.0,16.06,10.08,1478.25,6799.81
2023-05-04,5.6,13.65,9.69,1040.5,5510.96
2023-05-05,2.91,16.5,10.06,1422.62,6594.87
2023-05-06,3.37,16.88,9.9,1664.25,6361.07
2023-05-07,5.94,16.16,9.3,1212.38,6791.29
2023-05-08,3.11,17.15,10.55,1350.0,6268.32
2023-05-09,2.48,16.19,8.64,1835.5,7053.8
2023-05-10,4.01,14.2,9.39,1439.88,7106.28
2023-05-11,4.79,15.09,8.32,1508.0,6283.41
2023-05-12,0.04,17.88,7.28,2452.5,9668.17
2023-05-13,0.04,18.76,6.4,2366.62,9027.09
2023-05-14,1.93,14.7,6.45,1606.25,5536.83
2023-05-15,0.08,14.71,4.84,2116.62,7658.19
2023-05-16,0.0,16.46,4.45,2510.5,8648.02
2023-05-17,0.0,17.11,5.9,2281.12,9627.51
2023-05-18,0.45,16.23,7.99,1591.62,7466.08
2023-05-19,0.18,16.36,8.18,1467.25,6779.73
2023-05-20,2.92,17.34,11.24,1215.75,5572.96
2023-05-21,1.11,16.34,10.81,1230.12,6434.39
2023-05-22,0.25,15.95,7.88,2181.0,9342.08
2023-05-23,0.0,16.46,7.61,2151.88,9410.18
2023-05-24,0.0,16.44,7.72,1959.5,7979.71
2023-05-25,0.0,17.35,9.75,2189.0,9150.37
2023-05-26,0.01,18.8,8.46,2429.38,9412.99
2023-05-27,0.0,19.99,8.18,2408.88,8999.79
2023-05-28,0.0,16.76,8.26,2465.88,9396.28
2023-05-29,0.01,19.16,5.94,2762.38,10967.24
2023-05-30,0.0,20.71,7.22,3018.38,10811.76
2023-05-31,0.0,20.04,8.57,2835.38,9511.31
2023-06-01,0.0,19.99,8.24,2834.25,10027.96
2023-06-02,0.01,18.95,7.95,2781.38,9949.03
2023-06-03,0.01,20.95,6.65,2959.75,11434.88
2023-06-04,0.0,21.51,7.05,2977.25,11045.2
2023-06-05,0.0,21.8,7.95,2904.62,11216.99
2023-06-06,0.0,20.06,8.82,2849.12,9939.12
2023-06-07,0.0,17.69,7.26,2282.12,8935.99
2023-06-08,0.0,18.42,8.75,2318.12,9944.31
2023-06-09,0.12,20.55,11.25,2280.62,8892.17
2023-06-10,2.94,18.68,14.29,987.0,6314.57
2023-06-11,0.38,22.1,15.19,1635.25,8029.0
2023-06-12,2.06,20.75,13.92,1439.75,5526.82
2023-06-13,2.68,24.06,14.61,2061.5,10346.94
2023-06-14,0.01,23.19,11.92,2680.12,11438.73
2023-06-15,0.21,23.91,11.92,2449.0,11127.58
2023-06-16,3.69,20.7,13.06,1348.75,5508.59
2023-06-17,9.12,20.31,14.11,1442.62,6710.75
2023-06-18,3.69,21.39,13.82,1956.62,8746.53
2023-06-19,1.84,20.98,12.98,2215.0,8860.46
2023-06-20,8.76,21.09,12.86,1899.62,8683.89
2023-06-21,1.8,20.39,10.82,2316.12,9672.94
2023-06-22,0.2,22.52,9.39,2561.38,9792.6
2023-06-23,6.31,20.34,15.5,904.88,5128.37
2023-06-24,0.76,22.1,16.68,1552.0,6154.75
2023-06-25,8.54,19.76,12.0,2196.38,6314.57
2023-06-26,0.75,18.64,11.01,1913.0,7631.49
2023-06-27,1.11,19.54,14.44,842.0,5523.22
2023-06-28,4.35,18.69,11.21,1936.5,6180.03
2023-06-29,0.69,18.44,10.06,1845.25,8296.87
2023-06-30,4.92,16.95,12.96,735.62,4814.39
2023-07-01,0.52,17.65,11.58,1852.0,6414.36
2023-07-02,1.59,17.04,10.52,1973.25,7553.29
2023-07-03,4.95,16.88,10.1,1913.0,7109.85
2023-07-04,4.8,17.29,9.18,1897.5,8814.18
2023-07-05,2.56,17.23,10.02,1986.0,8335.29
2023-07-06,9.69,16.79,11.35,673.12,4860.4
2023-07-07,1.58,20.75,15.46,1688.0,7019.71
2023-07-08,0.51,19.99,13.05,2178.88,9584.77
2023-07-09,6.65,19.31,11.45,2103.62,8726.51
2023-07-10,9.62,18.59,12.34,1367.75,5761.52
2023-07-11,3.41,19.04,11.98,2110.62,7727.7
2023-07-12,1.29,18.34,11.61,1859.62,8114.45
2023-07-13,2.35,18.09,10.71,1603.12,8727.17
2023-07-14,22.89,16.61,12.88,803.88,3165.28
2023-07-15,10.06,16.38,12.8,982.25,4323.53
2023-07-16,4.01,17.49,11.76,1949.62,8901.31
2023-07-17,4.76,18.17,10.78,1989.25,9391.37
2023-07-18,8.28,19.22,11.9,1710.0,6936.92
2023-07-19,0.64,18.56,10.86,1781.62,9782.53
2023-07-20,1.15,17.75,9.61,1796.0,9099.72
2023-07-21,3.81,16.45,11.0,1138.75,8018.54
2023-07-22,17.04,18.46,13.82,849.75,5508.74
2023-07-23,5.18,17.71,12.72,1166.5,5910.13
2023-07-24,0.01,18.24,10.34,1884.75,9232.34
2023-07-25,0.04,18.74,8.71,1919.75,10688.61
2023-07-26,11.48,17.18,12.48,515.0,3422.96
2023-07-27,0.52,20.11,13.6,1800.62,9788.2
2023-07-28,1.58,18.41,12.7,1491.88,9662.04
2023-07-29,2.05,18.55,11.82,1965.62,8787.05
2023-07-30,5.88,17.4,12.55,687.38,4716.03
2023-07-31,4.61,17.72,13.24,1249.0,5844.58
2023-08-01,6.14,18.36,12.55,1275.25,7898.82
2023-08-02,6.34,18.35,13.11,1163.88,5155.96
2023-08-03,0.79,17.74,11.61,1452.75,7325.69
2023-08-04,6.62,16.26,10.04,1154.25,8910.63
2023-08-05,12.76,17.56,10.69,1776.25,8191.55
2023-08-06,1.61,18.56,10.35,2068.88,9591.03
2023-08-07,1.89,17.31,10.06,1403.0,9611.3
2023-08-08,1.05,18.69,11.6,1389.12,6636.51
2023-08-09,0.25,22.29,14.1,1504.0,7979.56
2023-08-10,1.29,20.36,14.94,951.5,5453.9
2023-08-11,1.99,19.74,14.0,1622.62,6996.73
2023-08-12,3.54,18.4,14.04,1369.88,5916.39
2023-08-13,2.12,18.35,12.88,1318.5,8250.53
2023-08-14,2.02,19.86,11.94,1522.25,7175.86
2023-08-15,0.16,19.56,11.7,1601.75,8107.05
2023-08-16,0.0,19.9,10.84,1592.88,8715.39
2023-08-17,0.6,21.24,12.22,1732.62,8169.91
2023-08-18,28.5,18.34,15.63,417.5,1907.98
2023-08-19,3.51,19.6,14.82,1351.25,6938.17
2023-08-20,0.35,20.49,14.26,1643.0,7613.34
2023-08-21,1.62,19.85,15.11,1462.5,7451.26
2023-08-22,1.12,19.14,13.49,1376.5,7176.0
2023-08-23,3.24,18.84,12.1,1175.12,5734.91
2023-08-24,0.29,18.03,10.09,1829.25,8182.73
2023-08-25,2.15,18.48,11.65,1646.88,7775.14
2023-08-26,1.55,18.32,11.64,1453.62,7165.59
2023-08-27,4.53,18.44,11.79,1162.0,5981.52
2023-08-28,0.52,17.41,12.05,1051.25,6409.38
2023-08-29,1.04,17.18,11.79,1352.25,7293.07
2023-08-30,0.98,16.71,10.75,1147.12,6865.3
2023-08-31,8.06,19.15,11.66,1223.0,5376.38
2023-09-01,1.24,19.79,11.84,1366.62,7068.01
2023-09-02,0.12,20.74,11.52,1605.75,8238.09
2023-09-03,0.1,20.67,10.65,1702.38,9306.65
2023-09-04,0.06,24.15,9.29,1849.38,9774.91
2023-09-05,0.01,23.51,15.1,1519.12,7628.04
2023-09-06,0.22,24.06,14.74,1456.38,8158.76
2023-09-07,0.04,25.2,15.85,1400.0,5718.76
2023-09-08,0.05,25.37,15.12,1608.12,8723.35
2023-09-09,0.35,23.22,15.05,1287.62,7677.39
2023-09-10,1.93,22.21,14.8,912.38,3565.0
2023-09-11,3.62,17.79,11.46,690.5,3021.42
2023-09-12,0.24,17.19,7.46,1522.88,7961.62
2023-09-13,4.56,15.94,5.78,613.38,5606.15
2023-09-14,7.51,17.01,11.0,923.12,5705.33
2023-09-15,14.35,13.04,10.44,371.75,1776.13
2023-09-16,0.36,14.84,9.92,750.5,1989.21
2023-09-17,7.3,16.7,12.78,371.25,1833.31
2023-09-18,4.82,15.39,10.59,1291.12,6682.77
2023-09-19,15.11,18.18,11.73,548.75,3244.72
2023-09-20,4.36,16.74,8.25,1171.88,5095.11
2023-09-21,0.98,15.46,6.28,1226.25,7384.99
2023-09-22,0.68,14.39,6.64,1266.38,7338.85
2023-09-23,3.62,16.16,5.79,678.88,4878.38
2023-09-24,14.66,17.2,13.78,347.0,1676.68
2023-09-25,0.54,18.02,13.4,1169.5,5280.84
2023-09-26,7.96,16.49,10.52,962.12,5298.84
2023-09-27,18.65,16.84,10.78,385.0,1540.21
2023-09-28,5.32,15.84,10.24,425.5,2134.11
2023-09-29,0.79,16.65,9.51,1168.5,6647.82
2023-09-30,12.14,17.14,9.64,246.25,1300.49
2023-10-01,0.61,17.61,11.11,1204.88,6775.34
2023-10-02,0.89,14.9,9.69,508.12,2268.53
2023-10-03,1.1,16.1,9.36,976.25,5473.59
2023-10-04,2.26,16.3,11.4,715.12,4690.72
2023-10-05,7.92,16.9,13.1,336.38,1594.19
2023-10-06,1.98,17.86,14.89,312.0,2618.8
2023-10-07,0.04,18.38,14.21,582.88,3641.74
2023-10-08,0.09,19.28,12.92,572.62,3717.15
2023-10-09,0.22,19.4,12.84,865.25,5567.29
2023-10-10,1.25,18.04,12.54,411.5,3225.88
2023-10-11,14.24,14.55,6.92,355.62,1579.22
2023-10-12,3.94,13.1,4.8,752.0,5305.21
2023-10-13,4.86,13.39,7.11,887.12,4072.76
2023-10-14,0.91,11.6,3.49,978.12,7647.3
2023-10-15,0.0,11.08,0.94,896.25,7695.42
2023-10-16,0.01,12.54,5.06,687.25,5949.81
2023-10-17,16.19,12.29,6.52,229.75,1963.74
2023-10-18,21.18,13.69,10.75,179.0,825.03
2023-10-19,9.62,16.06,11.81,456.5,3731.43
2023-10-20,14.48,14.19,8.98,258.0,1043.09
2023-10-21,0.56,11.55,5.48,692.12,4868.25
2023-10-22,1.95,13.7,3.59,797.75,7428.79
2023-10-23,18.03,13.1,8.57,277.38,1889.78
2023-10-24,1.84,13.59,5.94,624.25,4705.12
2023-10-25,5.26,12.59,4.89,454.88,4527.09
2023-10-26,6.39,14.09,8.06,523.5,4224.39
2023-10-27,3.08,13.98,7.29,549.88,5479.74
2023-10-28,9.67,14.04,7.91,524.12,4077.29
2023-10-29,4.06,11.81,5.42,455.5,3222.78
2023-10-30,5.41,12.46,6.41,404.38,2945.01
2023-10-31,6.88,12.19,7.18,334.62,3599.06
2023-11-01,7.11,12.48,5.12,465.38,4079.43
2023-11-02,1.39,11.3,4.09,470.25,3311.27
2023-11-03,1.51,12.32,4.5,593.0,4906.13
2023-11-04,6.0,10.06,5.61,295.0,1927.19
2023-11-05,3.31,11.89,5.7,496.38,4037.45
2023-11-06,2.91,11.55,6.61,458.75,4164.64
2023-11-07,3.21,11.86,6.49,532.75,5313.78
2023-11-08,5.66,11.21,4.93,437.75,3874.97
2023-11-09,5.44,9.49,4.68,346.5,2881.85
2023-11-10,3.24,11.21,4.81,535.5,4551.48
2023-11-11,1.41,8.85,1.2,363.88,2607.13
2023-11-12,8.42,12.64,6.59,351.12,2274.0
2023-11-13,15.61,13.15,8.61,394.75,2028.64
2023-11-14,1.98,12.54,8.31,423.75,3707.46
2023-11-15,0.46,10.88,4.65,384.25,4253.61
2023-11-16,2.92,9.84,3.53,236.25,1640.37
2023-11-17,10.25,11.56,4.49,196.62,2248.86
2023-11-18,4.0,13.7,10.56,181.25,1298.1
2023-11-19,3.86,12.45,8.46,230.38,1322.37
2023-11-20,1.7,11.3,7.36,257.75,1418.99
2023-11-21,0.02,10.04,5.14,306.5,3312.07
2023-11-22,0.56,12.11,8.6,149.0,1170.32
2023-11-23,0.59,12.79,9.1,214.88,1727.35
2023-11-24,0.04,10.42,3.25,241.88,1947.7
2023-11-25,0.39,7.95,2.28,224.38,2155.08
2023-11-26,4.41,11.08,7.7,171.0,908.41
2023-11-27,0.6,9.73,2.25,318.62,2290.98
2023-11-28,0.26,7.89,0.79,299.62,2076.19
2023-11-29,0.4,5.71,0.08,271.88,1975.35
2023-11-30,0.72,5.1,-1.22,356.0,2285.58
2023-12-01,0.14,4.81,-2.3,305.12,2640.55
2023-12-02,1.2,5.5,-0.78,223.88,2694.79
2023-12-03,1.24,4.29,0.21,151.25,1744.71
2023-12-04,0.32,5.78,-0.32,324.75,1090.47
2023-12-05,0.15,6.25,-0.24,292.0,1823.54
2023-12-06,9.18,9.69,3.5,75.62,645.2
2023-12-07,6.6,12.25,7.64,175.38,619.02
2023-12-08,6.66,10.21,7.72,139.62,1137.48
2023-12-09,8.23,11.65,6.38,188.88,928.71
2023-12-10,8.71,11.14,6.51,207.75,1796.36
2023-12-11,9.68,10.49,4.99,226.88,2444.26
2023-12-12,1.39,9.54,6.44,195.12,1627.94
2023-12-13,0.54,9.31,4.84,282.38,2901.14
2023-12-14,1.14,9.98,7.09,137.38,951.77
2023-12-15,0.36,11.38,7.14,165.62,1141.04
2023-12-16,1.04,11.39,9.34,161.0,1666.76
2023-12-17,3.29,12.44,10.32,83.62,823.17
2023-12-18,3.28,12.65,8.99,89.38,576.72
2023-12-19,2.39,9.52,5.51,249.62,2401.53
2023-12-20,1.76,11.31,8.12,71.75,349.7
2023-12-21,2.31,11.82,9.64,137.12,1101.62
2023-12-22,1.11,10.99,9.06,177.88,642.6
2023-12-23,4.04,12.49,9.31,135.0,634.55
2023-12-24,2.49,12.71,9.2,139.75,646.51
2023-12-25,2.04,10.28,6.65,113.5,569.85
2023-12-26,10.78,8.96,2.55,132.12,1106.47
2023-12-27,21.99,12.02,5.29,115.5,383.69
2023-12-28,4.76,9.93,6.19,229.75,1084.85
2023-12-29,3.34,7.81,2.95,220.12,1865.58
2023-12-30,13.54,9.88,3.42,160.62,539.81
2023-12-31,6.22,8.34,5.55,154.38,992.3
2024-01-01,11.87,10.62,3.31,64.88,471.02
2024-01-02,5.5,10.32,6.71,133.25,601.8
2024-01-03,2.3,9.3,5.61,215.88,1286.11
2024-01-04,1.18,8.24,2.59,305.62,2788.48
2024-01-05,0.36,8.26,2.32,310.12,2966.48
2024-01-06,0.26,7.78,0.0,347.5,2992.68
2024-01-07,0.05,3.6,-1.92,303.12,2828.5
2024-01-08,0.12,4.47,-1.18,195.12,1108.0
2024-01-09,0.65,4.55,0.63,229.62,1298.11
2024-01-10,0.02,5.52,-0.15,303.25,1560.63
2024-01-11,0.0,6.79,3.04,188.5,1288.67
2024-01-12,0.0,4.92,1.15,87.12,648.3
2024-01-13,0.22,5.96,1.01,189.25,1308.28
2024-01-14,0.14,5.81,-0.06,296.75,2761.88
2024-01-15,0.09,3.91,-2.03,368.62,3599.1
2024-01-16,2.09,5.29,-1.89,322.12,3144.07
2024-01-17,0.05,2.94,-3.55,407.75,4068.08
2024-01-18,0.4,4.22,-4.2,445.0,4055.29
2024-01-19,0.39,6.8,-2.36,371.12,3401.07
2024-01-20,9.41,10.23,6.25,118.25,529.56
2024-01-21,16.34,13.15,6.41,61.75,569.13
2024-01-22,3.49,8.76,4.51,347.5,2236.17
2024-01-23,9.59,13.44,5.41,106.75,707.0
2024-01-24,0.69,10.21,6.34,260.5,1566.22
2024-01-25,6.89,12.86,6.6,192.38,909.75
2024-01-26,1.21,9.25,2.84,441.25,4399.89
2024-01-27,0.49,10.6,7.18,220.0,1731.25
2024-01-28,1.62,12.56,5.85,147.88,527.97
2024-01-29,6.31,7.05,1.19,308.75,986.66
2024-01-30,0.02,8.54,-1.08,524.38,4752.59
2024-01-31,3.31,11.02,3.79,127.0,997.45
2024-02-01,0.11,10.34,2.72,367.5,3731.96
2024-02-02,0.61,12.46,8.98,232.38,1521.12
2024-02-03,0.89,11.48,8.02,302.62,2563.35
2024-02-04,0.41,12.92,8.2,261.5,519.71
2024-02-05,0.46,11.56,9.06,218.12,712.55
2024-02-06,10.28,11.25,3.44,209.12,1097.71
2024-02-07,0.7,6.56,1.23,425.12,4149.08
2024-02-08,19.25,7.26,2.98,176.25,899.79
2024-02-09,6.66,7.66,4.94,296.25,1496.48
2024-02-10,4.8,9.28,3.74,393.5,3527.61
2024-02-11,2.1,9.19,2.58,656.75,4936.06
2024-02-12,1.45,8.91,1.46,645.88,2961.3
2024-02-13,4.72,10.13,3.09,369.38,1054.07
2024-02-14,6.1,12.44,8.85,215.88,840.03
2024-02-15,5.24,12.78,7.76,464.12,1456.77
2024-02-16,1.49,12.26,8.28,483.75,2227.18
2024-02-17,5.99,12.86,9.01,201.0,968.88
2024-02-18,1.71,13.29,8.85,568.38,3500.79
2024-02-19,0.5,12.04,7.72,607.75,2762.15
2024-02-20,3.2,12.0,6.19,460.25,1529.95
2024-02-21,8.25,12.72,6.26,604.25,2817.64
2024-02-22,4.82,8.24,2.86,676.0,4211.94
2024-02-23,3.58,7.42,2.01,633.0,4155.73
2024-02-24,0.56,9.66,2.21,753.88,3706.54
2024-02-25,3.4,8.25,3.72,415.75,2017.84
2024-02-26,0.0,9.56,1.85,1007.25,5776.07
2024-02-27,1.26,11.06,3.62,619.0,3273.24
2024-02-28,9.11,11.98,4.8,269.12,1427.98
2024-02-29,5.06,8.11,2.11,792.25,4920.46
2024-03-01,11.94,5.88,0.94,534.12,2195.82
2024-03-02,2.19,7.28,1.8,775.5,4293.6
2024-03-03,1.12,9.91,1.89,917.38,3885.54
2024-03-04,4.36,8.81,2.99,418.62,1520.78
2024-03-05,2.46,12.05,5.01,979.5,5592.06
2024-03-06,0.81,11.31,5.25,576.75,3518.07
2024-03-07,0.35,10.55,6.01,873.12,3730.43
2024-03-08,0.04,8.32,5.35,561.38,2458.25
2024-03-09,0.78,7.81,4.96,248.0,559.26
2024-03-10,1.42,8.46,5.78,289.75,849.15
2024-03-11,7.19,9.92,6.0,514.75,2305.54
2024-03-12,4.45,12.72,7.82,493.25,3138.23
2024-03-13,10.2,12.15,7.75,527.62,1870.68
2024-03-14,12.54,13.04,7.42,528.88,2484.41
2024-03-15,0.62,12.06,3.06,1069.12,5974.92
2024-03-16,7.7,12.29,2.65,298.0,1534.69
2024-03-17,0.94,13.59,8.46,965.88,4441.0
2024-03-18,3.36,12.05,6.65,523.62,3374.0
2024-03-19,3.6,12.48,6.92,840.5,5243.77
2024-03-20,2.9,12.19,4.51,1217.25,4740.59
2024-03-21,1.78,12.61,5.06,437.12,2825.57
2024-03-22,2.06,10.49,3.94,1405.88,7793.76
2024-03-23,2.64,9.94,3.64,1315.12,2017.0
2024-03-24,6.74,9.72,4.96,649.0,4676.67
2024-03-25,7.45,10.69,5.96,810.12,3836.33
2024-03-26,7.25,9.19,5.11,618.62,3432.42
2024-03-27,5.15,8.38,1.88,1038.5,6171.35
2024-03-28,1.64,10.19,1.16,1188.38,6947.35
2024-03-29,1.76,12.11,2.7,1407.12,8192.98
2024-03-30,1.55,12.39,3.78,1564.75,9212.88
2024-03-31,3.58,12.94,5.88,1090.62,9457.77
2024-04-01,1.36,10.88,5.94,920.22,4956.16
2024-04-02,1.71,12.39,2.72,1166.22,8311.49
2024-04-03,4.4,12.44,6.22,1085.33,6517.94
2024-04-04,9.33,11.12,6.27,585.78,4279.88
2024-04-05,6.2,13.99,9.92,858.78,5839.34
2024-04-06,2.23,13.93,7.81,1178.78,5086.5
2024-04-07,2.96,12.7,6.48,1677.78,5600.35
2024-04-08,12.23,8.9,4.7,470.67,2758.76
2024-04-09,0.46,12.06,4.88,1858.11,7897.11
2024-04-10,8.86,14.18,6.33,487.11,2808.28
2024-04-11,4.83,14.77,11.01,703.0,5706.78
2024-04-12,1.53,13.82,10.11,650.78,4354.55
2024-04-13,1.01,13.06,5.79,1615.89,3587.36
2024-04-14,4.74,11.34,4.1,1148.0,8017.29
2024-04-15,4.76,10.46,4.73,1669.33,3710.69
2024-04-16,1.57,12.33,5.43,1694.78,11358.33
2024-04-17,1.9,12.23,4.5,955.67,5366.18
2024-04-18,0.17,12.98,5.3,1055.44,6305.22
2024-04-19,0.57,14.58,4.89,1421.78,8864.76
2024-04-20,0.0,14.92,1.94,2260.0,15103.45
2024-04-21,0.01,16.76,3.24,2348.11,15477.69
2024-04-22,0.01,15.21,4.82,1633.33,7375.92
2024-04-23,0.0,14.53,6.12,2160.11,13527.63
2024-04-24,0.0,13.24,3.68,1865.89,8361.55
2024-04-25,2.43,11.39,3.87,1084.22,7012.2
2024-04-26,1.52,10.9,2.44,1450.78,11534.78
2024-04-27,0.81,11.6,0.83,1712.0,10155.11
2024-04-28,2.82,12.72,1.12,1799.0,11462.57
2024-04-29,7.16,13.19,7.42,1452.89,8601.01
2024-04-30,5.88,12.47,6.29,1268.56,7986.58
2024-05-01,1.18,14.63,5.59,1983.0,12961.62
2024-05-02,5.24,14.3,7.23,881.44,7173.18
2024-05-03,0.8,13.54,9.13,903.78,5298.61
2024-05-04,0.77,13.51,8.49,945.67,4850.95
2024-05-05,0.02,16.29,6.94,1612.22,13186.45
2024-05-06,0.03,14.06,8.92,903.67,4756.01
2024-05-07,0.0,14.89,7.68,1427.22,9044.51
2024-05-08,0.02,16.6,8.51,1461.11,10564.95
2024-05-09,0.01,18.9,8.83,2042.22,14301.51
2024-05-10,0.0,21.42,10.67,2642.89,15849.92
2024-05-11,0.0,21.03,9.72,2351.44,14079.4
2024-05-12,0.88,18.49,11.19,1558.33,12318.8
2024-05-13,11.71,15.34,10.2,917.0,3739.5
2024-05-14,5.18,16.41,9.26,1371.78,9380.74
2024-05-15,0.54,18.13,9.49,1988.67,9525.15
2024-05-16,3.58,19.86,8.33,1896.89,11016.49
2024-05-17,1.18,17.27,11.69,1284.0,6825.55
2024-05-18,0.22,16.47,9.97,1148.89,7020.47
2024-05-19,0.08,20.89,8.2,2696.22,14083.67
2024-05-20,1.66,21.23,9.29,2450.56,12927.19
2024-05-21,7.28,17.16,11.28,1258.78,9955.49
2024-05-22,1.11,16.28,9.73,1240.33,5841.48
2024-05-23,0.01,14.23,8.36,1534.0,8986.23
2024-05-24,0.3,14.09,8.11,1310.0,5665.51
2024-05-25,5.93,15.14,8.86,1225.67,7434.7
2024-05-26,8.0,15.54,9.49,1386.0,6254.48
2024-05-27,1.73,15.54,7.82,1763.11,9714.34
2024-05-28,5.64,16.39,11.11,1233.67,7684.02
2024-05-29,0.83,16.2,10.56,1361.67,7364.51
2024-05-30,0.8,15.21,10.09,1537.89,6614.85
2024-05-31,0.0,17.37,7.74,2669.56,13416.65
2024-06-01,0.0,18.49,7.32,2683.44,10944.26
2024-06-02,0.03,19.08,7.36,2113.22,12039.52
2024-06-03,0.31,17.23,12.02,1418.67,7876.94
2024-06-04,1.11,15.79,7.19,2090.78,7652.54
2024-06-05,0.64,14.79,6.01,2088.56,9721.32
2024-06-06,0.54,14.86,6.29,1903.78,10363.34
2024-06-07,0.51,15.97,7.63,1690.0,9018.51
2024-06-08,0.37,16.61,8.58,2451.11,5110.46
2024-06-09,3.81,14.0,8.19,1141.11,3313.24
2024-06-10,0.17,16.14,6.61,2382.67,10796.93
2024-06-11,0.07,15.13,5.72,2000.0,9585.42
2024-06-12,0.01,16.4,5.44,2363.56,11219.81
2024-06-13,12.09,17.32,10.74,1198.89,5129.65
2024-06-14,3.06,15.52,9.1,2391.11,12922.74
2024-06-15,3.56,15.82,7.96,1756.33,10489.03
2024-06-16,0.8,17.46,6.82,2276.78,14634.2
2024-06-17,0.1,16.42,9.78,1338.11,10988.4
2024-06-18,0.04,15.36,8.5,1692.78,9320.44
2024-06-19,0.0,18.18,5.43,2892.22,16686.28
2024-06-20,0.09,19.23,8.52,1977.44,14265.13
2024-06-21,7.1,16.38,10.44,1079.44,7625.69
2024-06-22,0.24,17.59,9.42,1368.78,11321.9
2024-06-23,0.04,21.22,11.7,2522.67,15144.21
2024-06-24,0.19,21.84,14.61,1526.33,10650.14
2024-06-25,0.26,19.04,12.14,1260.44,4734.73
2024-06-26,0.24,20.14,9.33,1674.44,16316.44
2024-06-27,3.32,14.99,11.44,1283.33,11058.02
2024-06-28,1.82,16.47,10.92,1658.0,16350.32
2024-06-29,4.54,16.87,9.87,1396.78,8532.27
2024-06-30,1.07,17.14,9.19,1474.56,13886.66
2024-07-01,1.4,17.36,10.09,1194.33,11487.05
2024-07-02,0.2,17.08,9.08,1483.11,12535.14
2024-07-03,1.04,17.07,9.62,1864.33,16651.36
2024-07-04,1.79,16.06,9.09,1746.22,14065.33
2024-07-05,2.24,15.9,8.14,1743.0,16385.91
2024-07-06,2.03,16.52,7.74,2156.11,18593.48
2024-07-07,2.21,16.91,9.13,2033.67,16643.9
2024-07-08,0.53,18.47,7.58,2061.67,20446.72
2024-07-09,6.77,16.01,11.22,864.22,6085.68
2024-07-10,3.67,17.41,11.39,1570.56,11013.55
2024-07-11,0.82,17.19,10.83,1732.33,14680.41
2024-07-12,0.21,16.8,10.67,1166.0,13311.85
2024-07-13,1.27,19.03,11.72,1837.22,15374.48
2024-07-14,1.43,19.33,11.39,1491.67,17286.99
2024-07-15,1.33,18.13,10.63,1380.56,11191.62
2024-07-16,0.01,19.16,12.49,1711.11,13688.49
2024-07-17,2.08,19.17,11.44,1349.67,16555.44
2024-07-18,3.22,18.49,12.93,1222.0,6862.57
2024-07-19,2.06,20.26,13.4,1530.44,14193.38
2024-07-20,5.48,17.26,10.47,1272.56,9709.23
2024-07-21,3.8,17.1,10.57,1102.56,12548.37
2024-07-22,5.26,19.18,13.31,1352.67,14188.32
2024-07-23,0.37,19.33,12.61,1685.44,15305.12
2024-07-24,2.74,19.37,13.76,959.44,8650.88
2024-07-25,0.9,19.07,11.36,1406.44,13945.03
2024-07-26,1.62,18.19,10.14,1898.11,20219.64
2024-07-27,2.69,19.87,11.3,2050.56,18548.36
2024-07-28,0.01,21.42,9.07,2298.67,24840.91
2024-07-29,0.5,20.0,12.0,1457.56,20388.15
2024-07-30,0.23,20.18,10.63,1952.22,22970.93
2024-07-31,0.1,21.51,11.42,1901.22,25192.69
2024-08-01,0.11,21.1,13.89,1728.89,22003.01
2024-08-02,3.16,19.61,10.78,1110.11,12399.55
2024-08-03,0.62,18.01,9.72,1475.56,17192.56
2024-08-04,4.81,18.76,13.04,642.78,5236.12
2024-08-05,4.28,19.57,11.32,1096.44,10681.54
2024-08-06,1.36,18.27,10.33,1708.44,18965.46
2024-08-07,1.53,18.02,12.59,1200.33,14585.92
2024-08-08,4.7,18.74,13.4,704.33,10273.71
2024-08-09,0.7,19.76,12.9,1983.22,16071.36
2024-08-10,0.43,20.72,11.81,2135.0,17098.57
2024-08-11,0.96,21.63,10.7,1412.0,17881.15
2024-08-12,3.37,20.06,13.91,1892.33,19411.22
2024-08-13,2.16,19.21,10.21,1725.11,16326.41
2024-08-14,0.61,18.63,7.87,1522.33,17084.72
2024-08-15,7.11,18.6,10.64,1428.67,10432.4
2024-08-16,0.04,17.13,9.73,1264.11,13479.12
2024-08-17,0.16,17.16,11.88,944.78,10446.36
2024-08-18,0.04,18.61,10.96,1563.56,13892.37
2024-08-19,8.99,18.64,11.56,693.22,6739.83
2024-08-20,1.94,16.5,10.33,1813.67,7662.3
2024-08-21,3.63,17.03,10.59,614.33,3365.65
2024-08-22,12.74,16.5,11.36,919.78,9994.57
2024-08-23,6.31,17.17,10.24,1690.78,12629.22
2024-08-24,2.58,16.24,8.9,1706.11,14583.28
2024-08-25,4.02,15.86,9.81,685.67,8290.43
2024-08-26,5.2,17.57,12.56,806.44,7885.42
2024-08-27,8.48,19.83,14.18,1310.33,9668.19
2024-08-28,3.61,17.92,11.38,1466.22,13744.81
2024-08-29,0.21,18.11,9.23,1711.56,16380.89
2024-08-30,0.06,18.94,6.7,1833.0,19999.42
2024-08-31,0.06,20.33,7.72,1833.67,19581.9
2024-09-01,1.18,18.1,11.63,685.44,5163.06
2024-09-02,4.16,16.61,9.36,988.33,5704.09
2024-09-03,0.9,16.69,8.84,935.44,9687.54
2024-09-04,2.08,15.9,9.21,1296.44,13205.44
2024-09-05,0.31,18.08,7.93,1241.22,8795.06
2024-09-06,0.0,23.01,13.61,1380.56,11324.12
2024-09-07,0.07,21.78,12.71,1234.0,10546.3
2024-09-08,0.16,16.77,11.19,825.22,6804.48
2024-09-09,0.67,16.63,10.22,1237.22,15307.19
2024-09-10,2.57,15.1,8.81,1112.33,8977.97
2024-09-11,1.52,14.71,7.74,1497.44,13772.55
2024-09-12,0.34,14.34,3.86,1525.56,17089.61
2024-09-13,0.63,14.92,2.83,911.78,11901.95
2024-09-14,2.62,17.13,12.97,665.89,3478.52
2024-09-15,2.91,18.06,9.21,1116.22,9014.56
2024-09-16,0.02,19.8,8.68,1470.89,17670.33
2024-09-17,0.04,21.09,10.81,1602.22,15047.95
2024-09-18,0.11,19.31,8.23,1579.22,15923.91
2024-09-19,0.09,20.98,8.38,1485.89,17138.97
2024-09-20,0.02,18.78,8.79,1242.44,10853.19
2024-09-21,1.06,16.68,11.21,549.78,6591.02
2024-09-22,0.44,16.2,12.54,486.22,3913.0
2024-09-23,0.17,14.21,10.9,397.78,3549.77
2024-09-24,0.22,15.31,6.86,1043.0,9395.54
2024-09-25,9.59,12.33,5.33,537.67,4004.52
2024-09-26,13.22,11.09,7.81,310.0,2862.62
2024-09-27,0.94,12.67,6.08,1259.11,10830.08
2024-09-28,0.16,13.88,5.5,915.22,10821.26
2024-09-29,9.88,13.71,8.87,366.78,1728.99
2024-09-30,2.96,14.68,8.91,697.78,6118.62
2024-10-01,0.49,15.96,6.81,1140.33,11198.16
2024-10-02,0.06,15.74,6.16,920.89,8796.32
2024-10-03,0.41,14.99,8.37,807.56,11832.31
2024-10-04,2.76,15.46,12.48,340.22,2309.9
2024-10-05,12.96,15.0,11.92,248.56,1459.26
2024-10-06,3.63,17.13,10.99,967.89,7673.57
2024-10-07,4.46,16.93,11.06,792.22,9055.78
2024-10-08,7.03,15.24,10.16,636.56,7525.73
2024-10-09,0.41,13.82,7.31,721.44,5471.51
2024-10-10,0.27,11.16,2.02,1108.44,14665.77
2024-10-11,0.18,12.19,1.52,1038.44,13933.79
2024-10-12,2.14,12.11,2.09,874.44,9269.86
2024-10-13,2.68,10.08,2.29,315.33,3741.8
2024-10-14,0.08,13.43,4.77,710.78,10264.77
2024-10-15,8.97,15.11,8.84,308.89,4163.2
2024-10-16,4.14,16.49,10.99,409.44,3742.6
2024-10-17,1.18,15.5,8.46,762.89,8412.74
2024-10-18,6.74,15.82,8.86,211.44,1581.78
2024-10-19,0.81,14.59,7.77,836.67,11583.01
2024-10-20,6.97,14.81,11.08,567.0,4004.85
2024-10-21,2.77,14.19,8.46,696.89,10484.7
2024-10-22,0.58,14.8,7.58,667.0,7548.89
2024-10-23,0.09,13.92,7.64,547.78,7227.51
2024-10-24,6.76,15.73,12.07,304.89,3168.13
2024-10-25,3.37,14.77,9.06,382.56,4805.81
2024-10-26,1.7,13.08,4.76,388.22,5484.19
2024-10-27,6.99,14.17,3.37,168.0,2473.35
2024-10-28,1.07,14.78,10.59,424.33,5119.83
2024-10-29,0.27,12.87,9.52,418.44,3809.31
2024-10-30,0.16,12.97,10.63,251.78,4174.26
2024-10-31,0.1,12.64,10.5,258.67,2176.3
2024-11-01,0.04,12.74,10.6,163.78,1819.17
2024-11-02,0.21,11.93,10.31,142.56,1430.09
2024-11-03,0.19,12.72,9.9,173.0,1460.71
2024-11-04,0.18,13.04,7.73,235.56,2420.6
2024-11-05,0.54,14.5,6.88,184.44,1338.31
2024-11-06,0.36,16.78,13.51,275.78,2259.41
2024-11-07,0.27,14.66,12.43,162.67,1985.95
2024-11-08,0.47,13.14,11.34,131.56,1274.7
2024-11-09,0.6,13.26,11.22,161.44,1491.74
2024-11-10,1.2,14.37,6.29,328.33,2920.05
2024-11-11,0.11,11.34,2.93,440.33,6141.95
2024-11-12,0.19,9.14,1.96,367.0,6082.22
2024-11-13,0.34,10.56,3.59,310.67,4975.28
2024-11-14,0.31,13.61,9.33,202.67,1914.98
2024-11-15,0.99,12.93,10.09,232.89,2668.57
2024-11-16,1.03,11.47,6.24,285.11,3837.51
2024-11-17,2.88,10.89,5.94,243.22,2717.52
2024-11-18,11.06,8.11,4.14,99.44,1093.06
2024-11-19,3.84,6.21,-0.61,277.56,2827.01
2024-11-20,1.77,4.63,-1.37,372.22,6857.9
2024-11-21,5.56,4.51,-0.8,288.33,3267.45
2024-11-22,5.38,6.0,-0.27,361.89,5807.5
2024-11-23,34.06,14.82,3.71,145.11,1296.18
2024-11-24,2.88,12.5,7.21,318.11,2160.19
2024-11-25,1.52,8.47,1.84,311.89,5348.17
2024-11-26,0.79,8.49,-1.09,406.11,6341.08
2024-11-27,0.16,4.48,-1.92,347.56,6444.0
2024-11-28,2.51,12.53,0.06,83.11,1179.79
2024-11-29,4.52,13.64,11.74,66.0,678.96
2024-11-30,3.31,14.47,11.64,161.67,1425.95
2024-12-01,1.92,12.66,7.66,211.67,3205.6
2024-12-02,0.29,8.19,0.18,338.0,4983.61
2024-12-03,1.29,8.64,-0.41,207.78,3062.12
2024-12-04,4.7,12.63,3.46,70.33,781.58
2024-12-05,6.32,11.98,5.09,83.11,856.25
2024-12-06,10.62,12.93,3.5,53.11,587.42
2024-12-07,5.59,9.13,4.51,269.33,3598.69
2024-12-08,0.07,7.81,2.59,288.11,4875.38
2024-12-09,0.46,6.73,0.43,309.89,2904.9
2024-12-10,0.0,5.48,-0.08,195.0,1886.66
2024-12-11,0.0,5.0,2.21,99.56,1051.26
2024-12-12,0.06,5.31,3.56,77.22,835.57
2024-12-13,0.36,6.4,2.64,162.0,2397.03
2024-12-14,0.77,10.57,2.54,173.11,2483.2
2024-12-15,0.79,11.8,9.37,157.56,2326.52
2024-12-16,0.38,11.09,7.96,130.78,1589.99
2024-12-17,4.83,13.76,8.37,38.89,505.9
2024-12-18,5.13,13.29,3.86,97.67,996.14
2024-12-19,1.42,7.49,2.39,304.11,4472.53
2024-12-20,2.54,10.2,3.77,211.89,2552.73
2024-12-21,4.28,12.0,3.86,197.44,1460.35
2024-12-22,3.39,7.78,2.9,252.44,2838.85
2024-12-23,2.3,12.09,4.19,75.11,1059.67
2024-12-24,0.43,12.22,10.13,143.33,1381.16
2024-12-25,0.7,11.77,9.47,150.89,1466.08
2024-12-26,1.36,10.21,8.21,121.67,1721.86
2024-12-27,0.62,10.21,7.9,163.89,1475.3
2024-12-28,0.43,9.69,5.93,184.0,2436.63
2024-12-29,0.31,10.53,6.54,169.56,2240.13
2024-12-30,0.81,10.91,8.61,151.0,1896.12
2024-12-31,14.67,11.54,7.49,57.11,237.75
2025-01-01,5.32,8.48,0.86,274.0,3602.09
2025-01-02,0.2,4.38,-2.07,365.89,5458.19
2025-01-03,0.13,4.57,-2.43,342.33,5201.85
2025-01-04,9.71,3.1,-1.79,121.89,1260.87
2025-01-05,15.88,3.46,0.22,70.89,721.69
2025-01-06,4.09,3.9,-0.8,239.33,3666.83
2025-01-07,0.84,4.37,-1.72,335.44,5257.97
2025-01-08,0.04,0.84,-3.87,166.56,1635.51
2025-01-09,0.18,3.38,-4.32,365.0,4160.22
2025-01-10,3.64,5.73,-2.42,195.56,2329.77
2025-01-11,3.22,8.36,1.97,199.22,1991.38
2025-01-12,0.92,11.0,1.56,163.22,3159.07
2025-01-13,4.77,12.12,10.42,74.75,768.9
2025-01-14,0.9,12.23,9.17,137.75,1639.19
2025-01-15,0.1,11.27,5.7,403.25,6229.54
2025-01-16,0.11,10.57,6.31,303.38,5180.64
2025-01-17,0.01,11.37,7.69,285.11,3767.06
2025-01-18,0.0,11.24,7.24,290.67,3532.53
2025-01-19,0.59,9.01,6.81,137.56,2081.52
2025-01-20,1.43,9.29,5.99,195.78,1835.6
2025-01-21,2.57,8.51,3.12,334.67,4058.01
2025-01-22,0.56,7.37,2.48,284.89,2932.8
2025-01-23,15.01,8.97,2.94,300.0,3485.42
2025-01-24,6.98,11.79,0.66,351.89,3916.27
2025-01-25,2.28,5.63,-0.12,334.56,6007.04
2025-01-26,9.42,8.84,0.06,150.33,1626.61
2025-01-27,7.39,8.81,4.71,225.11,2557.53
2025-01-28,2.84,8.9,3.5,310.44,3349.05
2025-01-29,0.33,7.74,0.64,523.78,7987.19
2025-01-30,2.23,8.24,-0.54,437.44,6583.82
2025-01-31,0.2,10.22,1.93,578.78,9792.75
2025-02-01,2.2,10.19,4.14,156.44,1556.08
2025-02-02,8.46,9.89,4.06,481.11,4727.06
2025-02-03,1.12,11.7,6.37,266.67,3358.04
2025-02-04,9.13,11.03,3.32,492.0,6543.19
2025-02-05,0.56,9.67,1.11,635.22,10611.59
2025-02-06,0.01,8.81,-0.13,728.67,11836.48
2025-02-07,0.0,6.21,-0.27,458.78,5290.35
2025-02-08,0.09,5.66,1.13,350.33,3409.08
2025-02-09,0.0,7.17,2.64,199.0,1594.25
2025-02-10,1.83,6.34,3.12,266.33,2345.2
2025-02-11,1.42,5.68,2.9,158.78,1315.94
2025-02-12,1.68,6.72,4.87,205.11,2174.27
2025-02-13,2.94,6.33,3.78,184.22,1263.63
2025-02-14,7.52,7.83,4.12,296.11,2952.21
2025-02-15,3.13,8.78,5.43,213.22,1897.0
2025-02-16,2.7,8.21,5.81,258.22,3643.81
2025-02-17,3.29,7.93,5.38,218.67,2695.32
2025-02-18,2.1,8.91,6.59,237.33,1919.15
2025-02-19,8.37,12.43,6.86,365.78,4198.63
2025-02-20,5.4,13.54,9.69,638.89,3209.13
2025-02-21,13.77,12.66,8.16,503.33,4361.59
2025-02-22,0.72,12.19,6.28,863.67,10994.95
2025-02-23,13.61,13.04,8.21,434.11,2466.07
2025-02-24,3.78,11.1,4.13,792.22,9527.35
2025-02-25,2.79,9.51,3.07,894.89,13383.32
2025-02-26,3.68,8.27,2.6,751.44,10362.81
2025-02-27,0.09,10.34,-0.03,1050.33,15868.06
2025-02-28,0.04,10.26,-0.49,917.78,12776.11
2025-03-01,0.63,10.33,3.39,649.0,10545.65
2025-03-02,0.09,10.78,5.34,573.44,6309.96
2025-03-03,0.02,11.59,4.92,797.44,13404.47
2025-03-04,0.22,10.66,2.93,881.67,11547.39
2025-03-05,0.96,11.47,6.66,556.78,6764.91
2025-03-06,1.47,12.29,6.31,423.44,4426.82
2025-03-07,1.46,11.51,5.59,454.89,4711.24
2025-03-08,0.83,13.38,7.41,618.78,6442.15
2025-03-09,0.03,15.48,5.97,1175.56,15235.77
2025-03-10,0.0,12.88,4.78,878.56,11708.68
2025-03-11,0.06,8.79,1.59,1159.22,12122.1
2025-03-12,0.0,9.49,2.12,1160.11,15129.69
2025-03-13,0.03,9.04,0.68,942.78,11582.36
2025-03-14,0.79,9.36,0.14,993.78,9392.13
2025-03-15,0.0,10.3,-1.99,1326.0,15345.28
2025-03-16,0.03,9.84,3.19,937.33,13529.21
2025-03-17,0.01,8.32,4.94,510.44,5617.93
2025-03-18,0.0,9.67,2.23,888.11,13628.33
2025-03-19,0.0,13.23,0.66,1501.22,21172.67
2025-03-20,0.0,16.11,4.17,1351.89,18698.07
2025-03-21,8.6,14.26,9.02,598.78,6661.1
2025-03-22,6.87,10.58,6.1,479.33,5501.4
2025-03-23,0.02,10.96,3.78,1096.11,10309.92
2025-03-24,0.07,13.08,0.59,1568.89,22107.99
2025-03-25,0.26,13.23,5.12,1028.0,9399.74
2025-03-26,0.24,13.53,4.99,819.33,8162.26
2025-03-27,3.93,13.24,7.37,591.44,6841.71
2025-03-28,2.04,10.11,3.87,1391.0,11610.65
2025-03-29,1.2,13.14,3.84,520.78,5463.96
2025-03-30,0.01,15.07,7.68,1504.44,19825.9
2025-03-31,0.03,16.24,7.59,1274.56,13924.4
2025-04-01,0.03,14.73,6.18,1745.22,16326.53
2025-04-02,0.0,14.49,5.74,1970.56,18925.5
2025-04-03,0.6,15.31,4.94,1748.11,18180.1
2025-04-04,0.12,15.46,9.08,962.11,11308.03
2025-04-05,0.0,14.7,7.12,1959.22,8491.72
2025-04-06,0.02,14.59,4.56,1866.56,11376.45
2025-04-07,0.0,16.92,1.97,2034.0,21244.83
2025-04-08,0.03,17.12,2.81,1992.44,21266.35
2025-04-09,0.0,17.9,2.03,2091.33,21223.35
2025-04-10,0.0,18.31,2.26,2115.89,22347.46
2025-04-11,0.02,18.8,3.14,2139.0,22291.7
2025-04-12,0.59,13.86,3.57,1169.33,13264.67
2025-04-13,2.02,11.49,3.48,1705.0,16903.75
2025-04-14,1.96,12.48,4.26,1637.56,16480.89
2025-04-15,0.49,11.98,3.19,1622.78,31948.01
2025-04-16,9.87,10.18,2.49,1086.33,22363.61
2025-04-17,2.64,12.89,0.09,1630.56,38254.18
2025-04-18,21.24,10.08,6.73,350.33,7494.75
2025-04-19,9.32,10.87,9.06,362.89,9791.27
2025-04-20,3.62,12.47,8.16,791.78,23015.38
2025-04-21,2.92,13.83,6.08,1724.11,38966.84
2025-04-22,11.74,13.0,5.59,729.89,22743.94
2025-04-23,0.17,13.98,7.16,1294.44,25211.62
2025-04-24,6.29,14.54,7.49,1018.78,31151.06
2025-04-25,9.28,14.86,9.57,964.56,19774.15
2025-04-26,0.79,16.29,8.36,2008.11,41679.22
2025-04-27,0.64,16.47,11.49,1142.33,13888.52
2025-04-28,0.1,17.16,10.42,1609.11,41582.9
2025-04-29,0.02,20.27,7.54,2198.0,52772.67
2025-04-30,0.0,22.58,8.42,2423.0,54919.71
2025-05-01,0.0,18.03,8.19,1841.0,46913.24
2025-05-02,0.0,16.06,6.77,2385.44,51132.38
2025-05-03,0.03,16.06,4.94,2056.67,42107.24
2025-05-04,0.0,14.44,3.94,2268.67,46995.45
2025-05-05,0.0,14.03,1.91,2517.67,50715.0
2025-05-06,0.0,16.5,1.82,2605.56,52781.51
2025-05-07,0.0,17.41,4.71,2479.78,50659.74
2025-05-08,0.0,16.4,5.31,2251.78,44524.96
2025-05-09,0.0,17.59,4.37,2463.0,52569.63
2025-05-10,0.01,18.31,5.52,2405.78,55277.47
2025-05-11,0.38,18.03,4.92,1921.67,42512.95
2025-05-12,0.52,17.52,8.72,1536.67,39808.65
2025-05-13,0.39,20.76,10.04,2633.89,52825.9
2025-05-14,0.01,19.1,8.33,2758.22,56976.05
2025-05-15,0.0,20.3,6.66,2777.33,30216.85
2025-05-16,0.0,20.06,6.1,2863.22,29292.66
2025-05-17,0.02,20.92,5.18,2882.78,30004.9
2025-05-18,0.0,20.7,6.19,2866.56,29679.56
2025-05-19,0.08,17.11,5.68,2418.67,24472.31
2025-05-20,2.5,18.1,5.94,1819.0,16415.46
2025-05-21,0.07,20.71,6.68,2772.33,28405.83
2025-05-22,0.0,19.58,5.78,2810.11,28990.22
2025-05-23,3.24,16.94,5.53,1039.22,17641.43
2025-05-24,7.19,17.82,12.14,842.56,8452.62
2025-05-25,3.19,15.08,8.72,2144.78,9384.58
2025-05-26,8.09,14.29,8.27,903.67,11050.69
2025-05-27,7.81,15.28,9.29,1084.11,14782.51
2025-05-28,7.37,17.46,9.66,1939.33,23082.17
2025-05-29,3.99,17.73,13.0,1063.78,5850.86
2025-05-30,0.71,18.92,12.66,2251.44,25230.8
2025-05-31,1.77,17.27,10.33,1888.0,15174.51
2025-06-01,1.53,17.01,8.43,2304.44,16134.29
2025-06-02,10.09,15.99,6.61,1842.33,23262.96
2025-06-03,2.83,14.68,8.11,1950.89,15273.88
2025-06-04,3.86,15.0,6.5,1880.33,22653.59
2025-06-05,4.27,15.61,8.98,1823.44,21785.17
2025-06-06,5.47,15.21,6.98,1815.0,23147.46
2025-06-07,3.09,14.43,7.08,1737.56,22776.08
2025-06-08,1.32,14.38,6.34,1062.89,14119.63
2025-06-09,4.04,14.82,10.5,779.56,13066.84
2025-06-10,0.48,17.72,10.76,2210.0,24188.16
2025-06-11,1.36,18.89,12.02,1592.44,19193.03
2025-06-12,14.26,16.59,13.43,526.56,5593.5
2025-06-13,3.09,19.09,12.9,1993.78,22097.51
2025-06-14,8.53,17.39,10.67,1482.22,15677.06
2025-06-15,0.27,18.97,10.2,1603.89,16656.45
2025-06-16,0.12,19.7,10.86,2175.33,26731.17
2025-06-17,0.62,19.66,12.13,2052.44,22473.32
2025-06-18,0.01,20.58,10.56,2379.0,30421.01
2025-06-19,0.01,23.56,10.73,2648.33,28897.05
2025-06-20,0.17,25.89,14.71,2521.33,26417.44
2025-06-21,0.93,22.1,14.21,2193.78,26147.37
2025-06-22,3.91,17.8,11.32,1664.11,9128.88
2025-06-23,2.28,17.72,11.18,1626.11,12885.81
2025-06-24,3.1,19.06,13.52,1535.56,14498.32
2025-06-25,1.57,18.82,12.92,1197.67,17608.45
2025-06-26,2.58,17.88,11.87,1807.78,19128.58
2025-06-27,2.23,20.04,13.63,773.56,9030.08
2025-06-28,2.13,18.91,12.49,1226.33,11868.03
2025-06-29,0.22,22.4,11.84,1452.56,16801.46
2025-06-30,7.09,19.69,12.77,970.89,15764.34
