date,ind,maxtp,ind,mintp,igmin,gmin,ind,rain,cbl,wdsp,ind,hm,ind,ddhm,ind,hg,soil,pe,evap,smd_wd,smd_md,smd_pd,glorad
1-Jan-24,0,9.8,0,4,0,2.8,0,11,982.9,11.7,0,28,0,280,0,36, ,0.7,0.8,0,-10,-10,98
2-Jan-24,0,10.4,0,7.3,0,2.4,0,0.5,974.2,11.4,0,19,0,220,0,30, ,0.6,0.7,0.1,0.1,-9.4,110
3-Jan-24,0,8.7,0,6.1,0,4.4,0,5.1,982.7,8,0,14,0,240,0,20, ,0.2,0.2,0,-4.8,-10,188
4-Jan-24,0,8.8,0,4.3,0,4.6,0,6.5,993,8.1,0,15,0,230,0,21, ,0.1,0,0,-6.4,-10,301
5-Jan-24,0,8.4,0,3.9,0,1,0,2.1,1003.7,9.4,0,16,0,300,0,23, ,0.4,0.5,0,-1.7,-10,171
6-Jan-24,0,8.5,0,1,0,-0.1,0,1.8,1016.9,4.4,0,15,0,310,0,21, ,0,0.1,0,-1.8,-10,276
7-Jan-24,0,6.2,0,-1,0,-3.1,0,0,1026.6,5.1,0,9,0,110,0,11, ,0,0,0,0,-9.5,316
8-Jan-24,0,4.2,0,-0.3,0,-2.2,0,0,1030.8,6.1,0,11,0,110,0,15, ,0.1,0.1,0.1,0.1,-8.9,232
9-Jan-24,0,4.1,0,0.2,0,-3.4,0,0,1031.8,8.4,0,14,0,90,0,23, ,0.5,0.5,0.6,0.6,-8,291
10-Jan-24,0,4.9,0,-2.3,0,-6.6,0,0,1033.7,4.7,0,10,0,80,0,14, ,0.2,0.3,0.8,0.8,-7.3,208
11-Jan-24,0,6.3,0,3.8,0,-4.1,0,0,1037.4,4.3,0,9,0,80,0,13, ,0.5,0.7,1.4,1.4,-6.5,76
12-Jan-24,0,3.8,0,2.3,0,2.2,0,0,1034.5,2.7,0,8,0,340,0,13, ,0.4,0.6,1.8,1.8,-5.7,55
13-Jan-24,0,8.1,0,1.5,0,-0.6,0,0.5,1023.2,3.3,0,8,0,0,0,11, ,0.1,0.2,1.4,1.4,-5.8,219
14-Jan-24,0,6.2,0,0.3,0,-2.7,0,0.1,1015,5.3,0,16,0,330,0,25, ,0.2,0.2,1.4,1.4,-5.5,257
15-Jan-24,0,3.6,0,-0.2,0,-3.3,0,0.2,1010.8,5.4,0,17,0,330,0,24, ,0.3,0.4,1.6,1.6,-5.1,177
16-Jan-24,0,7.1,0,-0.4,0,-1.3,0,13.6,1001.2,12,0,21,0,240,0,30, ,0.4,0.5,0,-10,-10,114
17-Jan-24,0,3,0,-2.7,0,-5.9,0,0.4,995.2,2.9,0,11,0,300,0,15, ,0,0.1,0,-0.4,-9.9,372
18-Jan-24,0,4.9,0,-2.3,0,-8.2,0,2.6,1005.7,5.5,0,17,0,0,0,23, ,0.3,0.4,0,-2.3,-10,290
19-Jan-24,0,6.9,0,0.9,0,-2.4,0,0.1,1008.1,14.7,0,24,0,200,0,35, ,0.7,0.9,0.6,0.6,-8.9,309
20-Jan-24,0,11.3,0,6.5,0,1.2,0,5.8,997.7,17,0,29,0,190,0,44, ,1,1.3,0,-4.1,-10,159
21-Jan-24,0,13,0,5.5,0,4.5,0,15.7,978.4,23.3,0,49,0,240,0,70, ,0.8,1.3,0,-10,-10,61
22-Jan-24,0,8.8,0,2.8,0,0.2,0,10.4,994.1,25.1,0,37,0,260,0,55, ,0.9,1.4,0,-9.5,-10,216
23-Jan-24,0,14.7,0,5.4,0,2.2,0,9.2,998.9,22.1,0,39,0,250,0,58, ,1.1,1.6,0,-8.1,-10,98
24-Jan-24,0,9.9,0,5.7,0,6,0,0.9,1007.7,15.2,0,36,0,270,0,49, ,0.8,1,0,-0.1,-9.6,327
25-Jan-24,0,13.8,0,5.9,0,2.8,0,7.4,1006.5,14.9,0,26,0,240,0,39, ,0.6,0.7,0,-6.8,-10,420
26-Jan-24,0,9.4,0,3.3,0,2,0,2.8,1010.7,18,0,36,0,270,0,52, ,0.8,1,0,-2,-10,371
27-Jan-24,0,11.2,0,7.9,0,3.6,0,0,1012.8,14.5,0,21,0,200,0,33, ,1,1.2,1,1,-8.5,202
28-Jan-24,0,14.3,0,6.1,0,7.9,0,2.1,1004.6,17.4,0,31,0,210,0,44, ,1.5,1.8,0.4,0.4,-8.7,224
29-Jan-24,0,7.5,0,0.6,0,-1.3,0,0,1017.6,3,0,9,0,330,0,12, ,0.2,0.3,0.6,0.6,-8.1,405
30-Jan-24,0,8.9,0,0.4,0,-4.1,0,0,1022.3,8.5,0,17,0,200,0,24, ,0.5,0.7,1.1,1.1,-7.1,514
31-Jan-24,0,11.5,0,6,0,2.7,0,6.7,1015.7,20.8,0,32,0,230,0,48, ,1.3,1.8,0,-4.4,-10,68
1-Feb-24,0,12.9,0,6.8,0,5.4,0,0,1023.9,10.7,0,20,0,280,0,26, ,1.2,1.4,1.2,1.2,-8.3,202
2-Feb-24,0,12.8,0,9.5,0,6.4,0,0.7,1018.6,17.2,0,22,0,230,0,31, ,0.7,1,1.2,1.2,-7.9,207
3-Feb-24,0,10.2,0,6.8,0,5.6,0,0.2,1019.3,14.2,0,21,0,250,0,28, ,0.6,0.8,1.5,1.5,-7.2,300
4-Feb-24,0,12.1,0,8.2,0,6.5,0,0.4,1015,20.4,0,29,0,250,0,39, ,0.9,1.3,2,2,-6.3,113
5-Feb-24,0,11.3,0,9.6,0,8.8,0,1.1,1005.3,17.1,0,23,0,230,0,33, ,0.9,1.2,1.8,1.8,-6.1,138
6-Feb-24,0,10.6,0,2.1,0,5.4,0,10.1,1000.3,9.1,0,22,0,230,0,32, ,0.4,0.6,0,-7.9,-10,355
7-Feb-24,0,5.7,0,0.5,0,-2.2,0,0.1,1000.6,3.3,0,9,0,80,0,12, ,0.4,0.5,0.3,0.3,-9.2,311
8-Feb-24,0,4,0,1.2,0,0.2,0,5.6,984.5,14,0,18,0,100,0,29, ,0.5,0.8,0,-4.8,-10,138
9-Feb-24,0,5,0,3.5,0,0.6,0,8.4,971,10.7,0,19,0,100,0,29, ,0.5,0.7,0,-7.9,-10,120
10-Feb-24,0,8.1,0,3.6,0,3.4,0,0.5,977.1,4.2,0,10,0,140,0,14, ,0.4,0.5,0,-0.1,-9.6,348
11-Feb-24,0,8.4,0,3.2,0,0.4,0,11.8,986.1,12.2,0,21,0,230,0,31, ,0.6,0.9,0,-10,-10,502
12-Feb-24,0,7.9,0,3.8,0,2,0,3.4,994.5,16.2,0,29,0,270,0,41, ,1,1.3,0,-2.4,-10,466
13-Feb-24,0,9.7,0,2.6,0,0.9,0,0.1,999.7,6.5,0,13,0,220,0,18, ,0.6,0.9,0.5,0.5,-9,559
14-Feb-24,0,12.7,0,6.2,0,1.9,0,2.3,997.1,6.8,0,13,0,210,0,18, ,0.5,0.7,0,-1.2,-10,200
15-Feb-24,0,12.1,0,8.4,0,8.8,0,1.6,996.8,5.3,0,15,0,210,0,21, ,0.5,0.7,0,-1.1,-10,310
16-Feb-24,0,11.1,0,7.8,0,5.3,0,1.2,1006.9,5.1,0,11,0,260,0,15, ,0.4,0.6,0,-0.8,-10,423
17-Feb-24,0,13.4,0,9.2,0,7.7,0,3.2,1013,8.6,0,14,0,140,0,21, ,0.7,0.9,0,-2.5,-10,178
18-Feb-24,0,12.6,0,9.5,0,9,0,4.7,1019,10,0,17,0,220,0,25, ,0.9,1.2,0,-3.8,-10,479
19-Feb-24,0,12.1,0,8,0,7.2,0,0.7,1020.8,13.4,0,18,0,250,0,26, ,0.9,1.3,0.2,0.2,-9.3,509
20-Feb-24,0,11.7,0,6.2,0,8.1,0,4.8,1011,12.7,0,23,0,250,0,30, ,0.8,1.1,0,-3.8,-10,691
21-Feb-24,0,12.2,0,3.9,0,4.1,0,6.4,991.8,14.4,0,27,0,270,0,37, ,0.7,1,0,-5.7,-10,666
22-Feb-24,0,7.3,0,2.2,0,0.9,0,4.6,976.3,12.7,0,22,0,250,0,31, ,0.9,1.2,0,-3.7,-10,573
23-Feb-24,0,7.5,0,1.9,0,1.1,0,2.2,977.9,11.7,0,25,0,270,0,32, ,0.9,1.2,0,-1.3,-10,616
24-Feb-24,0,9.2,0,1.5,0,-1.3,0,1.2,986.5,5.4,0,14,0,330,0,22, ,0.6,1,0,-0.6,-10,913
25-Feb-24,0,8.7,0,3.3,0,1.9,0,0,998.6,7.6,0,14,0,10,0,20, ,0.9,1.2,0.9,0.9,-8.6,623
26-Feb-24,0,9.2,0,3.8,0,-0.7,0,0,1014.2,6.8,0,13,0,190,0,20, ,1,1.4,1.9,1.9,-7.1,1008
27-Feb-24,0,10.1,0,6.6,0,2.8,0,2.3,1010.9,14.4,0,23,0,270,0,31, ,1.1,1.6,0.7,0.7,-8,732
28-Feb-24,0,13,0,5.8,0,5.2,0,2.8,1003.2,13.6,0,22,0,240,0,32, ,1,1.3,0,-1.1,-9.4,250
29-Feb-24,0,8,0,2.7,0,3.5,0,2.6,990,13.9,0,22,0,230,0,32, ,1.1,1.6,0,-1.5,-10,680
1-Mar-24,0,6.4,0,0.2,0,0,0,10.2,987.4,9.9,0,22,0,20,0,32, ,0.8,1.1,0,-9.4,-10,596
2-Mar-24,0,6.8,0,2.7,0,-0.2,0,2.1,992.2,11.5,0,25,0,340,0,36, ,0.9,1.2,0,-1.2,-10,441
3-Mar-24,0,9.5,0,1.6,0,-1.4,0,0,995.3,5.2,0,16,0,260,0,20, ,0.8,1.2,0.8,0.8,-8.7,1082
4-Mar-24,0,10.4,0,1.5,0,-0.6,0,0.3,993.3,14.4,0,25,0,120,0,38, ,1.1,1.7,1.6,1.6,-7.5,793
5-Mar-24,0,12.5,0,5.7,0,5,0,0.9,998.8,12.5,0,23,0,230,0,34, ,1.5,2.1,2.2,2.2,-6.5,822
6-Mar-24,0,11.3,0,5.8,0,4.3,0,0,1010.7,12.9,0,19,0,130,0,29, ,1.3,1.8,3.5,3.5,-4.8,516
7-Mar-24,0,11.6,0,5.4,0,7.3,0,0,1012,12.2,0,19,0,100,0,28, ,1.5,2.2,5,5,-3.1,1195
8-Mar-24,0,7.6,0,5.5,0,4.2,0,0,1004.2,13.5,0,20,0,100,0,30, ,1.4,1.9,6.3,6.3,-1.5,559
9-Mar-24,0,8.6,0,4.7,0,4.4,0,0,996.5,10.7,0,17,0,80,0,26, ,1.3,1.7,7.6,7.6,-0.1,366
10-Mar-24,0,8.5,0,3.2,0,0.8,0,0.9,997.9,5,0,10,0,50,0,15, ,0.7,0.9,7.3,7.3,-0.3,275
11-Mar-24,0,8.1,0,5.9,0,5.6,0,0.1,1001.5,6.3,0,11,0,120,0,17, ,0.5,0.8,7.7,7.7,0.1,225
12-Mar-24,0,12.6,0,6.4,0,6,0,5.9,994.8,9.8,0,23,0,190,0,33, ,0.7,1.1,2.5,2.5,-5,462
13-Mar-24,0,12.5,0,4.4,0,6.5,0,5.8,994.7,11.4,0,22,0,190,0,33, ,1.1,1.8,0,-2.2,-9.4,1034
14-Mar-24,0,12.5,0,4.3,0,2.8,0,7.5,991.4,6.9,0,12,0,100,0,16, ,0.9,1.2,0,-6.6,-10,355
15-Mar-24,0,10.6,0,2.4,0,6.4,0,0.5,998.5,9.7,0,16,0,340,0,21, ,0.8,1.4,0.3,0.3,-9.2,1118
16-Mar-24,0,13.1,0,1.7,0,-0.9,0,2.9,1006,9.4,0,18,0,130,0,27, ,0.7,1,0,-2,-10,332
17-Mar-24,0,13.4,0,9,0,6,0,1.3,1001.9,7.6,0,17,0,250,0,24, ,1.2,1.6,0,-0.1,-9.6,634
18-Mar-24,0,12.6,0,7,0,4.8,0,2,996.4,12.7,0,26,0,220,0,38, ,0.9,1.3,0,-1.1,-10,382
19-Mar-24,0,11,0,6.6,0,7.1,0,6,1002.3,8,0,29,0,240,0,40, ,1,1.5,0,-5,-10,875
20-Mar-24,0,10.6,0,5,0,1.6,0,0.2,1014.9,5.2,0,13,0,270,0,16, ,1.5,2.2,1.3,1.3,-8.2,1562
21-Mar-24,0,13.5,0,6.9,0,3.4,0,1.9,1013.3,17.7,0,25,0,250,0,35, ,1.7,2.3,1.1,1.1,-8,305
22-Mar-24,0,9.5,0,4.2,0,5.9,0,4.4,1011.7,22.7,0,30,0,270,0,44, ,1.6,2.9,0,-1.7,-10,1140
23-Mar-24,0,9.3,0,3.8,0,1.3,0,3.9,1008.1,20.7,0,31,0,270,0,45, ,1.4,2.5,0,-2.5,-10,1044
24-Mar-24,0,10.5,0,6.2,0,4.4,0,4.3,1001.5,8.8,0,17,0,120,0,24, ,1.3,1.8,0,-3,-10,750
25-Mar-24,0,11.2,0,6.6,0,6.2,0,8.1,989.4,11.5,0,17,0,70,0,25, ,1,1.6,0,-7.1,-10,664
26-Mar-24,0,7.7,0,5.1,0,4.9,0,3.5,980.7,11,0,16,0,80,0,25, ,0.9,1.4,0,-2.6,-10,514
27-Mar-24,0,8.3,0,2.2,0,4.7,0,6.3,967.3,10.5,0,19,0,80,0,32, ,1,1.5,0,-5.3,-10,755
28-Mar-24,0,8.2,0,0.2,0,-0.9,0,0.1,967.8,6.1,0,15,0,250,0,20, ,1,1.4,0.9,0.9,-8.6,772
29-Mar-24,0,11.6,0,0.5,0,-0.7,0,1.1,974.8,5.9,0,11,0,240,0,14, ,1.4,2.1,1.2,1.2,-7.9,1334
30-Mar-24,0,12.9,0,3.7,0,1.4,0,0.1,983.5,7.8,0,16,0,160,0,22, ,1.9,2.6,3,3,-5.7,1277
31-Mar-24,0,14.2,0,4.5,0,3.1,0,2.1,988.8,9.7,0,18,0,110,0,26, ,1.8,2.5,2.6,2.6,-5.8,1100
1-Apr-24,0,10.1,0,5.3,0,4.2,0,0,991.2,7.6,0,16,0,90,0,23, ,1.4,1.9,3.9,3.9,-4.1,775
2-Apr-24,0,12.9,0,1.3,0,-1.3,0,0,994.7,5.5,0,10,0,80,0,15, ,1.7,2.5,5.5,5.5,-2.2,1494
3-Apr-24,0,12.2,0,5.6,0,4.7,0,0.5,994.6,4.8,0,11,0,90,0,17, ,1.6,2.3,6.6,6.6,-1,1325
4-Apr-24,0,9.1,0,5.6,0,5,0,7.5,989.4,10.1,0,17,0,100,0,25, ,1,1.5,0,0,-7.4,627
5-Apr-24,0,14.3,0,7.8,0,6.5,0,4.1,983.4,12.5,0,22,0,200,0,32, ,1.4,2.1,0,-2.7,-9.8,812
6-Apr-24,0,14.3,0,8.6,0,10.2,0,3.4,974.5,23.3,0,38,0,200,0,61, ,2,3.6,0,-1.4,-10,1487
7-Apr-24,0,12.3,0,6.7,0,6,0,3.9,985.8,20.1,0,29,0,220,0,43, ,2.3,3.9,0,-1.6,-10,1654
8-Apr-24,0,9.4,0,4.3,0,2.9,0,0.2,996.4,7.6,0,17,0,300,0,23, ,1.2,1.7,1,1,-8.5,759
9-Apr-24,0,10.8,0,4.9,0,5.3,0,0.7,1006.3,15.7,0,25,0,290,0,35, ,2.2,3.7,2.5,2.5,-6.6,1957
10-Apr-24,0,14.9,0,5,0,2.4,0,15.9,1008.2,14.5,0,24,0,220,0,34, ,1.2,1.8,0,-10,-10,536
11-Apr-24,0,16,0,11,0,9.7,0,5.2,1014.6,11,0,19,0,230,0,26, ,1.6,2.3,0,-3.6,-10,892
12-Apr-24,0,15.6,0,8.7,0,11.4,0,0.2,1013.8,12.5,0,24,0,230,0,32, ,1.7,2.5,1.5,1.5,-8,888
13-Apr-24,0,11.6,0,7.2,0,7.1,0,2,1012,17.8,0,27,0,280,0,39, ,1.9,3.3,1.3,1.3,-7.8,1662
14-Apr-24,0,11.3,0,5.2,0,4.8,0,9.9,1007.4,15.2,0,31,0,280,0,45, ,1.6,2.6,0,-7,-10,1051
15-Apr-24,0,9.4,0,4,0,2.1,0,3,1005.4,25,0,35,0,280,0,49, ,1.6,3.1,0,-1.4,-10,1322
16-Apr-24,0,11.6,0,6.4,0,5.6,0,4.2,1015.5,14.2,0,24,0,290,0,32, ,2.4,3.8,0,-1.8,-10,1827
17-Apr-24,0,11.7,0,4.9,0,4.7,0,3.7,1017,10.6,0,19,0,310,0,25, ,1.3,2.1,0,-2.4,-10,990
18-Apr-24,0,10.6,0,5.4,0,1.9,0,0.8,1018.2,12.9,0,22,0,260,0,32, ,0.8,1.4,0,0,-9.5,550
19-Apr-24,0,13.1,0,4.1,0,8.6,0,0.4,1020,11.2,0,18,0,270,0,23, ,1.8,3.1,1.5,1.5,-7.6,1867
20-Apr-24,0,14.1,0,2.5,0,-1,0,0,1025.4,4.4,0,8,0,100,0,10, ,2.5,3.6,4,4,-4.6,2302
21-Apr-24,0,16.2,0,5.4,0,4.1,0,0,1027.9,5.6,0,10,0,280,0,12, ,2.8,4,6.7,6.7,-1.6,2376
22-Apr-24,0,14.1,0,4.4,0,0.7,0,0,1027.8,8.7,0,17,0,340,0,22, ,1.7,2.6,8.3,8.3,0.2,1286
23-Apr-24,0,12.9,0,7.1,0,8,0,0,1023.9,9.5,0,16,0,310,0,20, ,2.7,4.2,10.8,10.8,2.9,2395
24-Apr-24,0,12.4,0,4.1,0,4.5,0,0,1014.9,6.8,0,14,0,320,0,20, ,2.6,3.9,13.2,13.2,5.5,2294
25-Apr-24,0,12,0,3,0,-0.7,0,0.4,1003.8,7.2,0,15,0,30,0,21, ,2.1,3.1,14.7,14.7,7.3,1630
26-Apr-24,0,11.4,0,1.1,0,-3.9,0,0.1,1002.4,4.6,0,13,0,300,0,17, ,2.1,3,16.4,16.4,9.3,1793
27-Apr-24,0,11.9,0,0.5,0,-3.8,0,0,1003.1,4.8,0,12,0,290,0,15, ,2.5,3.7,18.5,18.5,11.8,2419
28-Apr-24,0,11.5,0,2.9,0,0.7,0,4.8,1001,5.4,0,14,0,260,0,21, ,1.9,2.8,15.4,15.4,8.9,1706
29-Apr-24,0,12.5,0,5.5,0,3.5,0,5.6,996,8.3,0,23,0,260,0,28, ,1.5,2.1,11,11,4.8,895
30-Apr-24,0,12.1,0,6.2,0,3.6,0,3,997.4,6.1,0,15,0,150,0,23, ,1.5,2.1,9.3,9.3,3.3,960
1-May-24,0,16,0,6.1,0,4.8,0,0,1003.7,8,0,15,0,120,0,23, ,2.7,3.8,11.8,11.8,6,1755
2-May-24,0,19.8,0,8.6,0,7.8,0,1.4,1003.9,6.6,0,16,0,50,0,21, ,2.9,4,13,13,7.5,1746
3-May-24,0,15.4,0,10.4,0,9.2,0,0,1003.2,9.1,0,15,0,270,0,18, ,2.4,3.7,15.1,15.1,9.9,1914
4-May-24,0,11.9,0,10.5,0,10.5,0,2.5,1003.4,7.4,0,13,0,270,0,16, ,0.9,1.3,13.4,13.4,8.3,457
5-May-24,0,13.7,0,9.2,0,7.5,0,0,1003.8,5.7,0,10,0,250,0,12, ,2.1,3,15.2,15.2,10.4,1642
6-May-24,0,12,0,8,0,10.6,0,0,1010.7,9.3,0,15,0,330,0,19, ,1.2,1.8,16.3,16.3,11.6,697
7-May-24,0,14.8,0,4.3,0,0,0,0,1019.2,3.9,0,12,0,270,0,14, ,2.4,3.4,18.3,18.3,14,1924
8-May-24,0,16.2,0,8.3,0,7,0,0.2,1021.4,6,0,14,0,190,0,20, ,2,2.7,19.8,19.8,15.7,1107
9-May-24,0,18.4,0,8.2,0,5.8,0,0,1020.1,4.5,0,9,0,310,0,11, ,2.8,3.8,22.1,22.1,18.3,1898
10-May-24,0,23.1,0,11.9,0,10.5,0,0,1016.3,7.4,0,14,0,100,0,22, ,4.4,5.8,25.6,25.6,22.3,2451
11-May-24,0,23.1,0,11.1,0,7,0,0,1012,7.3,0,14,0,150,0,22, ,4.1,5.6,28.8,28.8,25.9,2441
12-May-24,0,16.3,0,10.9,0,11.8,0,0,1004.7,5.8,0,11,0,280,0,14, ,1.9,2.7,30.2,30.2,27.6,1211
13-May-24,0,13.8,0,11.3,0,9.1,0,8.4,995.9,8,0,17,0,100,0,26, ,1.1,1.6,22.6,22.6,20.1,650
14-May-24,0,17,0,9.4,0,7.3,0,1.6,994.4,6.2,0,13,0,30,0,16, ,2.2,3.2,22.8,22.8,20.5,1603
15-May-24,0,20,0,8.7,0,5.6,0,0,999.5,6.4,0,12,0,90,0,18, ,3.3,4.6,25.4,25.4,23.4,2225
16-May-24,0,19.8,0,8.9,0,6.3,0,0,1004.2,8.2,0,16,0,330,0,21, ,3.3,4.9,27.9,27.9,26.3,2411
17-May-24,0,17.9,0,10.9,0,11.3,0,0,1009.4,9.9,0,18,0,320,0,22, ,3.4,5.3,30.5,30.5,29.2,2719
18-May-24,0,15.8,0,6.9,0,9.9,0,0,1014.6,9.8,0,16,0,340,0,21, ,2.3,3.5,32.1,32.1,31,1730
19-May-24,0,18.2,0,5.2,0,1,0,0,1014.2,4.2,0,9,0,270,0,11, ,3.4,4.8,34.6,34.6,33.7,2776
20-May-24,0,21.9,0,10.5,0,9,0,13.1,1010.4,5.9,0,14,0,190,0,18, ,2.8,3.8,23.4,23.4,22.8,1662
21-May-24,0,14.5,0,12.1,0,11.1,0,3.7,1007.7,5,0,11,0,340,0,14, ,1.2,1.5,20.6,20.6,20.1,544
22-May-24,0,15.9,0,9.4,0,11,0,1,1010.3,13.3,0,23,0,330,0,31, ,2.5,3.7,21.6,21.6,21.3,1358
23-May-24,0,13.5,0,9.8,0,8.2,0,0,1013.7,16.6,0,22,0,330,0,31, ,2.9,4.3,24,24,23.9,1359
24-May-24,0,12.6,0,9.4,0,9.1,0,0,1013,7.8,0,15,0,270,0,20, ,1.7,2.4,25.3,25.3,25.4,941
25-May-24,0,16.7,0,9.8,0,9,0,0.1,1008.7,9.2,0,16,0,110,0,26, ,2.9,4.1,27.5,27.5,27.8,1665
26-May-24,0,14.5,0,9.8,0,9.3,0,6.3,1003.9,7.9,0,16,0,270,0,20, ,1.6,2.3,22.4,22.4,22.8,973
27-May-24,0,15.6,0,8,0,6.8,0,0.5,1004.5,5.8,0,16,0,270,0,19, ,2.4,3.4,23.8,23.8,24.4,1672
28-May-24,0,14.7,0,9.5,0,7.3,0,12.9,1000.7,10.8,0,18,0,260,0,24, ,1.3,2.1,11.9,11.9,12.6,849
29-May-24,0,14.4,0,11.2,0,11.2,0,1.6,1005.9,12.9,0,20,0,290,0,26, ,1.7,2.7,11.9,11.9,12.7,1078
30-May-24,0,13.8,0,9.9,0,10.2,0,3,1015.3,15.9,0,22,0,330,0,31, ,2.4,4,11,11,12,1715
31-May-24,0,15.3,0,9.1,0,5.5,0,0,1023.2,9.1,0,14,0,320,0,18, ,3.3,5.1,14,14,15.3,2622
1-Jun-24,0,16.1,0,6.7,0,1.9,0,0,1027,6.9,0,15,0,260,0,18, ,3.6,5.4,17.1,17.1,18.7,3049
2-Jun-24,0,14.2,0,7.4,0,4.2,0,0.3,1025.6,10,0,17,0,240,0,22, ,1.2,1.9,17.9,17.9,19.5,831
3-Jun-24,0,15.2,0,11.5,0,11.4,0,2.6,1016.7,12.4,0,16,0,270,0,21, ,2,3.4,17,17,18.8,1629
4-Jun-24,0,13,0,8,0,11.7,0,2.8,1007,17.4,0,25,0,280,0,36, ,2.3,4.4,16.2,16.2,18.1,2152
5-Jun-24,0,13.3,0,7.7,0,6.4,0,2.5,1009.1,16.5,0,25,0,270,0,35, ,3.1,5.2,16.3,16.3,18.4,2174
6-Jun-24,0,12.8,0,7.9,0,6.2,0,1.1,1012.2,12.3,0,19,0,290,0,26, ,2.6,4.1,17.4,17.4,19.7,1860
7-Jun-24,0,14.3,0,9.6,0,7.1,0,2.5,1010.7,13.8,0,19,0,290,0,26, ,2.7,4.3,17.2,17.2,19.6,1899
8-Jun-24,0,14.2,0,9.7,0,8.1,0,0.1,1010.7,16.6,0,22,0,280,0,29, ,3.4,5.7,19.9,19.9,22.6,2395
9-Jun-24,0,12.6,0,8.6,0,9.3,0,7.5,1009.2,15.2,0,23,0,280,0,32, ,1.2,2.1,13.4,13.4,16.2,806
10-Jun-24,0,14.8,0,8.1,0,5.6,0,0,1014.4,12.5,0,18,0,330,0,25, ,3.4,5.5,16.5,16.5,19.4,2594
11-Jun-24,0,14.4,0,8.6,0,6.4,0,0.3,1019.1,10.4,0,18,0,310,0,23, ,3.4,5.2,19,19,22.2,2533
12-Jun-24,0,16.1,0,7.9,0,3.4,0,0,1013.8,5,0,10,0,270,0,16, ,3.3,4.5,21.8,21.8,25.1,2223
13-Jun-24,0,16.3,0,10.5,0,9.8,0,15.2,998.5,11.9,0,21,0,250,0,29, ,1.8,2.7,8,8,11.4,952
14-Jun-24,0,14.6,0,9,0,9.3,0,7.4,990.2,10.9,0,17,0,250,0,25, ,2.9,4.6,3.3,3.3,6.9,2321
15-Jun-24,0,14.5,0,7.6,0,7.8,0,3.6,992.5,6.1,0,15,0,230,0,20, ,2.5,3.6,2.1,2.1,5.8,1964
16-Jun-24,0,15.6,0,6.7,0,3.3,0,2.1,999.6,9.4,0,15,0,330,0,20, ,1.8,2.8,1.8,1.8,5.5,1342
17-Jun-24,0,14.9,0,10.2,0,10.1,0,0.3,1008.6,11.4,0,16,0,320,0,20, ,2.3,3.4,3.8,3.8,7.5,1239
18-Jun-24,0,14.7,0,7.6,0,8.1,0,0.1,1016.9,10.8,0,17,0,340,0,22, ,2.4,3.6,6.1,6.1,9.9,1420
19-Jun-24,0,15,0,4.7,0,0.3,0,0,1019,7.3,0,17,0,280,0,20, ,3.4,5.2,9.2,9.2,13.2,3032
20-Jun-24,0,18.4,0,11.3,0,9.8,0,0.4,1012.6,7.4,0,15,0,180,0,22, ,2.2,3,10.9,10.9,15,1126
21-Jun-24,0,15.6,0,10.4,0,12.7,0,5.7,1003.6,11.2,0,20,0,180,0,30, ,1.4,2.1,6.5,6.5,10.6,750
22-Jun-24,0,17.2,0,10.7,0,8.4,0,0.3,1007.8,9.6,0,17,0,270,0,21, ,1.9,2.9,8,8,12.3,1229
23-Jun-24,0,22.3,0,11,0,10,0,0.3,1013.2,6.9,0,14,0,270,0,19, ,4.1,5.7,11.5,11.5,15.9,2602
24-Jun-24,0,23,0,13.6,0,15.3,0,0.1,1011.5,9.9,0,18,0,180,0,26, ,2.9,3.9,13.9,13.9,18.5,1382
25-Jun-24,0,18,0,9.4,0,12.4,0,0.5,1014.8,7,0,12,0,340,0,17, ,2.8,4,15.9,15.9,20.6,1939
26-Jun-24,0,19.4,0,7.8,0,4.2,0,0,1005.8,9.4,0,19,0,190,0,28, ,2.5,3.6,18,18,22.8,1507
27-Jun-24,0,13.6,0,11.8,0,11.6,0,10.2,999,22.6,0,32,0,250,0,43, ,1.4,2.3,8.9,8.9,13.8,538
28-Jun-24,0,15.2,0,11.3,0,10.3,0,0.2,1007.1,14.9,0,27,0,270,0,36, ,2.7,4.2,11.2,11.2,16.2,1564
29-Jun-24,0,15.7,0,10.4,0,11,0,0.1,1010.8,8,0,16,0,300,0,21, ,3,4.4,13.9,13.9,19,2004
30-Jun-24,0,15.4,0,9.8,0,10.2,0,1.5,1012.8,11,0,18,0,260,0,23, ,2.5,3.8,14.6,14.6,19.8,1666
1-Jul-24,0,14.4,0,11.6,0,9.7,0,1.3,1015.7,12.3,0,16,0,270,0,21, ,1.6,2.5,14.7,14.7,19.9,920
2-Jul-24,0,15.6,0,10.8,0,9.4,0,1.4,1012.1,10.4,0,17,0,270,0,21, ,2.6,3.7,15.5,15.5,20.9,1376
3-Jul-24,0,14.8,0,10.3,0,9.9,0,2.7,1002,17.4,0,31,0,270,0,46, ,2.4,4.1,14.9,14.9,20.3,1729
4-Jul-24,0,14.7,0,9.8,0,8.6,0,3.4,1001.6,20.5,0,27,0,280,0,37, ,2.9,5.2,14,14,19.5,2175
5-Jul-24,0,14.6,0,9.8,0,9.6,0,2.8,999.8,10.7,0,21,0,270,0,28, ,2.7,3.9,13.5,13.5,19.1,1591
6-Jul-24,0,15.9,0,9.6,0,7.3,0,0.1,999.9,11.6,0,18,0,280,0,23, ,2.8,4.3,15.9,15.9,21.5,1964
7-Jul-24,0,16.6,0,8.8,0,9.8,0,0.1,1004.6,8.1,0,13,0,270,0,17, ,3.3,4.9,18.6,18.6,24.4,2501
8-Jul-24,0,18.8,0,7.8,0,3.7,0,0,1008.4,6.3,0,10,0,80,0,15, ,3.1,4.3,21.2,21.2,27,2007
9-Jul-24,0,17.7,0,8.4,0,5.5,0,3.2,1006.9,7.8,0,16,0,30,0,21, ,2,2.9,19.6,19.6,25.5,1122
10-Jul-24,0,14.4,0,11.5,0,11.2,0,14.5,1010.4,12.6,0,17,0,320,0,23, ,1.3,2,6.2,6.2,12.1,682
11-Jul-24,0,16,0,11.4,0,10.6,0,0,1017.6,11.4,0,17,0,330,0,22, ,2.5,3.6,8.6,8.6,14.6,1273
12-Jul-24,0,16.4,0,12.1,0,11.2,0,0.7,1017.6,8.3,0,14,0,320,0,19, ,2,2.7,9.7,9.7,15.7,947
13-Jul-24,0,16.9,0,12.2,0,11.9,0,0,1012.3,6.1,0,12,0,330,0,15, ,2.2,3.1,11.7,11.7,17.8,1370
14-Jul-24,0,18.4,0,11.8,0,11.3,0,0.1,1007.4,3.2,0,8,0,320,0,11, ,2.5,3.4,13.9,13.9,20.1,1593
15-Jul-24,0,19.4,0,12.9,0,12.2,0,0,1004.2,5.7,0,12,0,330,0,15, ,2.9,4.1,16.5,16.5,22.7,1936
16-Jul-24,0,17.1,0,13.1,0,13.2,0,0.1,1008.2,8.5,0,13,0,280,0,17, ,2.9,4.3,18.9,18.9,25.2,1994
17-Jul-24,0,18.4,0,14,0,13,0,7.5,1011.3,7.5,0,15,0,190,0,22, ,1.9,2.6,13,13,19.4,830
18-Jul-24,0,16.6,0,10.4,0,13.6,0,1.4,1010.2,7,0,13,0,170,0,21, ,2.3,3.4,13.6,13.6,20,1694
19-Jul-24,0,18.3,0,10.9,0,8.8,0,7.7,1006.1,7.6,0,19,0,190,0,26, ,2,2.8,7.7,7.7,14.2,1084
20-Jul-24,0,15.8,0,11.7,0,12.6,0,15.3,1002,8.9,0,16,0,330,0,21, ,2,2.9,0,-5.8,0.8,1283
21-Jul-24,0,15.9,0,12.3,0,10.4,0,9.1,1004.4,6.5,0,12,0,230,0,17, ,1.5,2.1,0,-7.6,-6.8,808
22-Jul-24,0,18.1,0,13,0,12.3,0,4,1007.7,3.5,0,10,0,280,0,13, ,2.5,3.2,0,-1.5,-8,1525
23-Jul-24,0,18,0,11.3,0,8.8,0,0.6,1014.9,3.9,0,8,0,260,0,11, ,3.3,4.4,2.7,2.7,-4.9,2363
24-Jul-24,0,19.4,0,14.4,0,14.1,0,0,1010.3,8,0,16,0,260,0,20, ,1.8,2.4,4.4,4.4,-2.9,820
25-Jul-24,0,18.4,0,12.6,0,13.1,0,1.8,1002.5,11,0,19,0,270,0,26, ,2.4,3.4,4.9,4.9,-2.2,1326
26-Jul-24,0,17.2,0,11.7,0,10.4,0,4,1003.3,8.2,0,14,0,260,0,27, ,2.5,3.6,3.3,3.3,-3.6,1635
27-Jul-24,0,17.5,0,12.3,0,11.1,0,3.9,1010.9,7.7,0,15,0,260,0,20, ,3.2,4.7,2.5,2.5,-4.1,2472
28-Jul-24,0,21.6,0,10,0,7.7,0,0,1017.1,5.5,0,14,0,190,0,19, ,3.3,4.5,5.7,5.7,-0.6,2083
29-Jul-24,0,19.9,0,11.5,0,11.9,0,1,1013.9,8.6,0,16,0,210,0,24, ,2,2.6,6.5,6.5,0.4,814
30-Jul-24,0,17.4,0,12.2,0,9,0,0,1015.9,6.4,0,10,0,280,0,13, ,2.8,4,9.2,9.2,3.2,1945
31-Jul-24,0,19.9,0,10.4,0,7.7,0,0.1,1012.7,4.5,0,8,0,320,0,10, ,2.4,3.3,11.3,11.3,5.5,1500
1-Aug-24,0,20.1,0,13,0,10,0,0,1007.2,6.1,0,15,0,180,0,24, ,2.2,3,13.3,13.3,7.7,1337
2-Aug-24,0,18.2,0,11.2,0,14.2,0,4.2,1001.8,11.9,0,20,0,180,0,30, ,2,3,10.8,10.8,5.5,1158
3-Aug-24,0,17.2,0,10.1,0,7.9,0,2.8,1005.5,8.6,0,15,0,270,0,22, ,2.2,3.1,10,10,4.9,1321
4-Aug-24,0,19.1,0,12.7,0,12.1,0,11.4,1001.3,12.2,0,19,0,190,0,30, ,1.1,1.5,0,-0.4,-5.4,336
5-Aug-24,0,19.4,0,11.2,0,14.1,0,7,997.2,9.1,0,18,0,250,0,25, ,2.1,3.1,0,-4.9,-10,1411
6-Aug-24,0,17.3,0,11.2,0,8.9,0,3.8,998.9,10.4,0,18,0,240,0,27, ,2.2,3.2,0,-1.6,-10,1323
7-Aug-24,0,16.5,0,11.5,0,11,0,3,1001.1,13.1,0,22,0,260,0,30, ,2,3.2,0,-1,-10,1294
8-Aug-24,0,18.1,0,11.5,0,9.7,0,10.8,1000.2,9.1,0,24,0,270,0,33, ,1.3,1.8,0,-9.5,-10,586
9-Aug-24,0,18.9,0,12.7,0,11.6,0,2.1,1004,15,0,22,0,240,0,35, ,2.8,4.4,0.7,0.7,-8.8,1820
10-Aug-24,0,17.6,0,12.8,0,12.9,0,0,1012.1,11.1,0,18,0,240,0,25, ,2.9,4.5,3.6,3.6,-5.4,2199
11-Aug-24,0,21.5,0,11,0,9.8,0,4,1008.1,9.8,0,17,0,120,0,25, ,2.4,3.6,2,2,-6.7,1626
12-Aug-24,0,19.9,0,14.1,0,12.9,0,6,997.9,12.4,0,20,0,230,0,29, ,2.5,3.8,0,-1.5,-9.8,1622
13-Aug-24,0,17.4,0,10.8,0,14,0,0.8,1000.7,14.8,0,25,0,260,0,32, ,2.2,3.9,1.4,1.4,-7.9,2031
14-Aug-24,0,18.1,0,8.9,0,6.5,0,1.5,1006.1,10.1,0,19,0,190,0,29, ,1.8,2.6,1.7,1.7,-7.3,1159
15-Aug-24,0,16.7,0,11.6,0,12.8,0,18.2,1003.9,12.1,0,19,0,270,0,25, ,2.2,3.6,0,-10,-10,1872
16-Aug-24,0,17.2,0,11.1,0,9.6,0,0,1008.2,11.6,0,19,0,250,0,30, ,2.4,3.2,2.4,2.4,-7.1,1070
17-Aug-24,0,16.7,0,13,0,11.9,0,0,1005.7,11.2,0,16,0,230,0,24, ,2.1,2.8,4.4,4.4,-4.7,874
18-Aug-24,0,16.6,0,12,0,11.7,0,0.1,1007.7,11.6,0,20,0,260,0,27, ,2.7,4,7,7,-1.8,1787
19-Aug-24,0,16.5,0,11.6,0,9.6,0,19.5,1001,9,0,22,0,270,0,28, ,1.2,1.7,0,-10,-10,553
20-Aug-24,0,14.9,0,10.2,0,8.9,0,3,1002.4,20,0,31,0,270,0,42, ,2.2,3.8,0,-0.8,-10,1518
21-Aug-24,0,16.2,0,11.4,0,10.2,0,8,997.3,14.4,0,25,0,170,0,42, ,1.3,1.8,0,-6.7,-10,309
22-Aug-24,0,16.2,0,10.4,0,12,0,5.7,990.9,13.1,0,26,0,280,0,36, ,1.3,2.1,0,-4.4,-10,834
23-Aug-24,0,16.4,0,10.2,0,9.9,0,4.9,991.1,13.3,0,24,0,270,0,31, ,2.2,3.4,0,-2.7,-10,1365
24-Aug-24,0,15.2,0,9.6,0,8,0,3.9,998.5,14.6,0,22,0,270,0,35, ,2.1,3.3,0,-1.8,-10,1414
25-Aug-24,0,14.5,0,10.4,0,8.9,0,16.8,1002.7,14.5,0,23,0,230,0,34, ,1.2,1.7,0,-10,-10,354
26-Aug-24,0,17,0,12.1,0,11.2,0,5.4,1003.7,7.9,0,16,0,160,0,23, ,1.1,1.6,0,-4.3,-10,621
27-Aug-24,0,20,0,13.5,0,14.2,0,3.9,1000.2,11.4,0,22,0,180,0,34, ,2.3,3.3,0,-1.6,-10,1384
28-Aug-24,0,16.9,0,12,0,11.6,0,10.4,1004.3,9.1,0,18,0,240,0,24, ,1.9,2.6,0,-8.5,-10,1083
29-Aug-24,0,15.9,0,10.4,0,8.8,0,0.3,1011.8,10.6,0,17,0,260,0,24, ,2.1,3.2,1.8,1.8,-7.7,1609
30-Aug-24,0,19.4,0,7.3,0,5.3,0,0,1019.1,4.8,0,11,0,120,0,15, ,2.5,3.5,4.3,4.3,-4.8,1939
31-Aug-24,0,21.1,0,8.4,0,7.4,0,0,1017.7,8.8,0,14,0,120,0,19, ,2.7,3.7,6.9,6.9,-1.8,1658
1-Sep-24,0,18.2,0,10.3,0,9.1,0,0.1,1010.9,7.1,0,14,0,110,0,21, ,1.5,2.1,8.2,8.2,-0.3,868
2-Sep-24,0,15.9,0,10.5,0,12.7,0,6,1007.9,8.7,0,15,0,270,0,20, ,1.6,2.4,3.7,3.7,-4.7,1257
3-Sep-24,0,15,0,10.9,0,9,0,2.3,1010.4,11.5,0,18,0,280,0,28, ,1.7,2.4,3,3,-5.1,873
4-Sep-24,0,15.9,0,10.6,0,9.2,0,1.6,1016.5,11.7,0,19,0,290,0,26, ,2.2,3.2,3.6,3.6,-4.2,1348
5-Sep-24,0,19.5,0,6.4,0,1.8,0,0,1018.6,5.8,0,16,0,20,0,22, ,2.3,3.2,5.8,5.8,-1.7,1725
6-Sep-24,0,24.9,0,10.6,0,8.7,0,0,1012.7,4.4,0,9,0,20,0,14, ,2.7,3.6,8.3,8.3,1,1784
7-Sep-24,0,22.8,0,11.6,0,8.1,0,0,1008.1,5,0,11,0,260,0,14, ,2.5,3.4,10.6,10.6,3.5,1760
8-Sep-24,0,14.8,0,11.4,0,12.1,0,0.2,1007.5,13,0,20,0,330,0,27, ,1.4,2,11.7,11.7,4.7,671
9-Sep-24,0,14.7,0,11.9,0,10.7,0,4.9,1006.9,17,0,25,0,250,0,34, ,1.7,2.3,8.3,8.3,1.5,498
10-Sep-24,0,13.9,0,9.6,0,9.8,0,6.8,1003.4,21.1,0,28,0,270,0,39, ,1.5,2.7,2.9,2.9,-3.8,1206
11-Sep-24,0,13.9,0,8.4,0,6.9,0,4,1008.8,16.9,0,25,0,290,0,37, ,2.1,3.3,1,1,-5.4,1260
12-Sep-24,0,13.8,0,5.1,0,3.8,0,0.9,1017.4,7.6,0,15,0,300,0,25, ,2,2.8,2.1,2.1,-4.1,1597
13-Sep-24,0,14.2,0,4.3,0,1.3,0,1.2,1020,8.5,0,19,0,180,0,27, ,0.9,1.3,1.7,1.7,-4.2,563
14-Sep-24,0,17.8,0,12.6,0,10.3,0,2.6,1015.5,13.2,0,23,0,180,0,36, ,1.1,1.6,0.2,0.2,-5.5,478
15-Sep-24,0,16.4,0,9.1,0,9.3,0,0.5,1019.9,7.6,0,15,0,270,0,20, ,1.6,2.4,1.3,1.3,-4.2,1446
16-Sep-24,0,19.2,0,9.2,0,4.6,0,0,1024.3,5.5,0,11,0,180,0,15, ,1.5,2.1,2.8,2.8,-2.4,939
17-Sep-24,0,22.5,0,12.9,0,12.9,0,0,1026.4,6,0,11,0,110,0,17, ,2.3,3.1,5,5,0,1530
18-Sep-24,0,21.2,0,9.7,0,8.5,0,0,1025.5,6.3,0,10,0,110,0,14, ,2.2,3,7.1,7.1,2.2,1656
19-Sep-24,0,21.5,0,8.8,0,7.7,0,0.1,1023.8,6,0,9,0,110,0,12, ,2,2.8,8.9,8.9,4.1,1528
20-Sep-24,0,18.1,0,10.4,0,7.1,0,0.1,1021.6,6.7,0,11,0,80,0,15, ,1.7,2.5,10.4,10.4,5.8,1473
21-Sep-24,0,16.3,0,11,0,7.6,0,0,1018.4,5,0,10,0,40,0,14, ,1,1.3,11.3,11.3,6.8,421
22-Sep-24,0,16.7,0,12,0,11.1,0,0.1,1012.6,4.3,0,10,0,40,0,13, ,1.2,1.6,12.3,12.3,7.9,638
23-Sep-24,0,13.6,0,11.1,0,11.6,0,0,1005.9,7,0,12,0,340,0,16, ,1.1,1.4,13.2,13.2,9,314
24-Sep-24,0,13.5,0,4.7,0,2.7,0,0.2,1001.3,8.2,0,17,0,330,0,21, ,1.3,1.9,14.1,14.1,10,1307
25-Sep-24,0,13.1,0,2.6,0,-1.9,0,0,992.7,6.8,0,13,0,40,0,20, ,1.3,1.8,15.2,15.2,11.3,908
26-Sep-24,0,10.2,0,8.5,0,7.8,0,7.3,991.9,14.1,0,23,0,10,0,31, ,1.1,1.5,8.9,8.9,5.1,342
27-Sep-24,0,11.7,0,8.2,0,6.4,0,1.4,1008.1,13.3,0,20,0,340,0,29, ,1.5,2.3,8.9,8.9,5.2,1147
28-Sep-24,0,13.3,0,8.9,0,7.9,0,0.9,1017.2,8.2,0,16,0,270,0,24, ,1.3,1.8,9.2,9.2,5.6,783
29-Sep-24,0,13.3,0,8.2,0,6.4,0,0.3,1007.9,10.8,0,18,0,110,0,29, ,1.2,1.5,10,10,6.5,320
30-Sep-24,0,13.3,0,9.8,0,9.3,0,2.7,1006,6.1,0,14,0,350,0,18, ,0.9,1.2,8.1,8.1,4.7,447
1-Oct-24,0,16,0,5.4,0,3.4,0,0,1013.4,5,0,10,0,50,0,13, ,1.3,1.8,9.3,9.3,5.9,1129
2-Oct-24,0,16,0,4.2,0,-0.6,0,0.1,1017.4,5.4,0,13,0,90,0,20, ,1.3,1.8,10.3,10.3,7.1,1181
3-Oct-24,0,14.5,0,6.2,0,3,0,0.7,1013.8,9.3,0,16,0,110,0,24, ,1.2,1.6,10.7,10.7,7.6,774
4-Oct-24,0,16.1,0,11.7,0,10.3,0,0.3,1006.1,10.5,0,17,0,110,0,27, ,1,1.4,11.3,11.3,8.3,427
5-Oct-24,0,15.8,0,11.8,0,13.7,0,0.6,996.6,12.5,0,21,0,140,0,33, ,1,1.3,11.7,11.7,8.8,210
6-Oct-24,0,17.6,0,10.5,0,10.9,0,5.9,987.9,7.6,0,16,0,130,0,26, ,1.2,1.6,6.9,6.9,4.1,692
7-Oct-24,0,17.1,0,10,0,9.2,0,0.3,986,6.6,0,12,0,140,0,20, ,1.1,1.4,7.6,7.6,4.9,668
8-Oct-24,0,14.4,0,10.4,0,8.2,0,0.5,988.4,8.2,0,13,0,40,0,19, ,0.9,1.2,7.9,7.9,5.2,474
9-Oct-24,0,13.2,0,7.2,0,9.4,0,0.3,996,12,0,22,0,10,0,32, ,1.3,1.8,8.8,8.8,6.2,725
10-Oct-24,0,11.4,0,2,0,-2.3,0,0.7,1006.4,6,0,14,0,340,0,19, ,1,1.5,9,9,6.6,1120
11-Oct-24,0,12.5,0,6.1,0,1.9,0,1,1007.3,9.4,0,16,0,240,0,23, ,1.2,1.7,9.2,9.2,6.8,1029
12-Oct-24,0,11.3,0,3.5,0,5.8,0,9.1,1004.7,14.6,0,28,0,310,0,39, ,1.1,1.6,1.1,1.1,-1.2,804
13-Oct-24,0,9.3,0,2.9,0,-0.1,0,0,1010.4,7.8,0,13,0,140,0,23, ,0.8,1.1,1.9,1.9,-0.3,280
14-Oct-24,0,14.8,0,6.2,0,4.6,0,0,1008.6,6.4,0,11,0,120,0,15, ,1.1,1.4,2.9,2.9,0.7,983
15-Oct-24,0,14.9,0,7.1,0,4.8,0,3.2,1000.4,10.9,0,17,0,160,0,26, ,0.7,0.9,0.4,0.4,-1.8,342
16-Oct-24,0,16.5,0,9.9,0,12.9,0,2.2,991.8,6.3,0,14,0,160,0,21, ,0.6,0.8,0,-1.2,-3.3,229
17-Oct-24,0,14.3,0,9.1,0,6.4,0,0.4,999,7.4,0,16,0,250,0,23, ,0.7,1,0.3,0.3,-2.8,574
18-Oct-24,0,15.6,0,10.1,0,7.2,0,9.6,996.9,13.2,0,25,0,170,0,39, ,1,1.3,0,-8.3,-10,244
19-Oct-24,0,14.5,0,8.9,0,6.9,0,0.1,998.1,9,0,16,0,120,0,25, ,1.2,1.5,1.1,1.1,-8.4,830
20-Oct-24,0,13.7,0,10.9,0,8.8,0,8.2,986.2,23.4,0,39,0,190,0,59, ,1.4,2,0,-5.7,-10,543
21-Oct-24,0,13.4,0,9.5,0,7.9,0,2.5,1005.1,13.2,0,21,0,210,0,31, ,1.2,1.5,0,-1.3,-10,509
22-Oct-24,0,14.8,0,8.9,0,7.4,0,1.1,1017.4,8.8,0,14,0,230,0,20, ,1.2,1.5,0.1,0.1,-9.4,670
23-Oct-24,0,14.1,0,10.3,0,7.6,0,0,1014.2,11.5,0,18,0,190,0,28, ,1.2,1.4,1.3,1.3,-7.8,339
24-Oct-24,0,15.8,0,12.4,0,11.5,0,5.8,1004,9.8,0,19,0,150,0,29, ,1.1,1.3,0,-3.5,-10,335
25-Oct-24,0,14.2,0,8.7,0,11.4,0,5,1006.1,6.9,0,12,0,20,0,16, ,0.4,0.6,0,-4.6,-10,88
26-Oct-24,0,11.6,0,7.6,0,3.2,0,2.9,1009,11.1,0,21,0,300,0,29, ,0.9,1.2,0,-2,-10,264
27-Oct-24,0,14.2,0,5.8,0,4,0,16.5,1010.6,11.5,0,18,0,180,0,28, ,0.7,0.9,0,-10,-10,111
28-Oct-24,0,14.1,0,10.6,0,7.7,0,2.4,1012.9,10.7,0,16,0,230,0,24, ,0.4,0.6,0,-2,-10,238
29-Oct-24,0,12.9,0,10.3,0,9.6,0,1.1,1020.8,5.7,0,11,0,280,0,14, ,0.4,0.5,0,-0.7,-10,483
30-Oct-24,0,14.3,0,11,0,10.3,0,0.5,1023.1,3.9,0,8,0,180,0,12, ,0.4,0.5,0,-0.1,-9.6,312
31-Oct-24,0,14.2,0,10.8,0,11.6,0,0,1020.2,5.4,0,10,0,260,0,14, ,0.5,0.7,0.5,0.5,-8.6,402
1-Nov-24,0,12.8,0,11.1,0,10.5,0,0.4,1021.1,5.6,0,11,0,240,0,15, ,0.6,0.7,0.7,0.7,-8,139
2-Nov-24,0,11.9,0,9.8,0,9.3,0,0,1024.5,4.9,0,10,0,160,0,14, ,0.5,0.7,1.3,1.3,-7,184
3-Nov-24,0,12.2,0,9.7,0,9.5,0,0.2,1022.7,4.7,0,8,0,100,0,11, ,0.5,0.7,1.6,1.6,-6.4,167
4-Nov-24,0,13.4,0,9.6,0,9.5,0,0,1018.6,5.5,0,9,0,120,0,12, ,0.5,0.7,2.1,2.1,-5.5,237
5-Nov-24,0,14.9,0,6.2,0,4.8,0,0,1014.7,7.7,0,17,0,170,0,22, ,0.6,0.7,2.7,2.7,-4.7,189
6-Nov-24,0,18.1,0,12.6,0,8.8,0,0,1018.2,7.5,0,13,0,150,0,22, ,0.7,0.8,3.3,3.3,-3.7,384
7-Nov-24,0,16.1,0,12,0,11.5,0,0,1018,14.3,0,20,0,150,0,31, ,0.8,0.9,4.1,4.1,-2.8,416
8-Nov-24,0,13.9,0,10.8,0,10.2,0,0,1017.3,7.5,0,12,0,120,0,18, ,0.6,0.7,4.6,4.6,-2.1,285
9-Nov-24,0,13.5,0,11.3,0,9.6,0,0.1,1016.1,7.5,0,13,0,120,0,17, ,0.6,0.8,5.2,5.2,-1.4,158
10-Nov-24,0,13.6,0,6.6,0,9.7,0,1.7,1022.5,6.7,0,15,0,270,0,21, ,0.2,0.3,3.7,3.7,-2.8,390
11-Nov-24,0,11.1,0,3.6,0,0.2,0,0.1,1033.2,3.5,0,8,0,110,0,10, ,0,0.1,3.6,3.6,-2.8,494
12-Nov-24,0,10.6,0,3.2,0,1,0,0.5,1036.3,3.4,0,8,0,90,0,11, ,0.1,0.2,3.1,3.1,-3.1,469
13-Nov-24,0,12.1,0,8.2,0,3.8,0,0.8,1034.4,5.4,0,10,0,260,0,14, ,0.2,0.3,2.6,2.6,-3.5,163
14-Nov-24,0,12.7,0,10.9,0,10,0,0.5,1029.8,3.5,0,6,0,250,0,9, ,0.3,0.4,2.3,2.3,-3.5,154
15-Nov-24,0,13.2,0,10,0,9.4,0,1.6,1020.7,7.7,0,14,0,230,0,18, ,0.4,0.5,1.1,1.1,-4.6,280
16-Nov-24,0,11.2,0,8,0,7.1,0,0.6,1014.9,12.5,0,22,0,290,0,28, ,0.6,0.8,1.1,1.1,-4.3,205
17-Nov-24,0,9.4,0,4.2,0,6.4,0,3.4,1011.5,6.2,0,15,0,290,0,21, ,0.3,0.4,0,-2,-7.2,210
18-Nov-24,0,5.2,0,1.1,0,-2.3,0,8.8,1004.1,7.8,0,14,0,100,0,22, ,0.4,0.5,0,-8.4,-10,120
19-Nov-24,0,5.1,0,-0.3,0,0.5,0,0.8,1002.3,4.9,0,18,0,340,0,28, ,0.2,0.3,0,-0.6,-10,338
20-Nov-24,0,3.9,0,-0.3,0,-3.3,0,2.1,1008,5.9,0,16,0,0,0,26, ,0.3,0.5,0,-1.8,-10,183
21-Nov-24,0,6.6,0,-2.5,0,-4.6,0,0.2,1001.3,12.1,0,28,0,300,0,40, ,0.7,0.8,0.5,0.5,-9,372
22-Nov-24,0,6,0,1.3,0,-2.5,0,5.8,1000.6,8.5,0,25,0,270,0,44, ,0.3,0.4,0,-5,-10,341
23-Nov-24,0,15.6,0,0.5,0,-0.2,0,41.2,981.8,14.8,0,31,0,110,0,47, ,0.6,0.7,0,-10,-10,302
24-Nov-24,0,11,0,6.4,0,5.5,0,7.7,972,20.3,0,30,0,190,0,44, ,0.7,0.9,0,-7,-10,268
25-Nov-24,0,9.1,0,4.9,0,4,0,7.3,989.1,18.9,0,32,0,260,0,49, ,0.9,1.1,0,-6.4,-10,208
26-Nov-24,0,8.3,0,-0.1,0,2.6,0,5.1,1006.3,5.8,0,17,0,250,0,24, ,0,0,0,-5.1,-10,398
27-Nov-24,0,6.4,0,-2,0,-4.3,0,0.1,1014.6,4.5,0,9,0,100,0,13, ,0,0,0,-0.1,-9.6,389
28-Nov-24,0,12.7,0,-0.4,0,-3.3,0,2.8,1013.9,12.9,0,22,0,110,0,32, ,0.5,0.7,0,-2.3,-10,32
29-Nov-24,0,14.2,0,12.5,0,4,0,0.5,1006.7,10.5,0,16,0,160,0,26, ,0.9,1.1,0.4,0.4,-9.1,35
30-Nov-24,0,15.6,0,12.1,0,10.7,0,0.3,1002.6,13.2,0,25,0,170,0,39, ,0.9,0.9,1,1,-8,240
1-Dec-24,0,12.4,0,7.6,0,10.2,0,1.7,1002.3,12.5,0,23,0,320,0,32, ,0.4,0.5,0,-0.3,-8.9,193
2-Dec-24,0,8,0,-0.2,0,3.1,0,0.9,1011.9,10.3,0,23,0,320,0,30, ,0.2,0.2,0,-0.7,-9.2,252
3-Dec-24,0,9.5,0,-0.1,0,-3.1,0,3.4,1015.3,8.6,0,20,0,270,0,32, ,0.4,0.5,0,-3,-10,132
4-Dec-24,0,12.6,0,3.1,0,0.3,0,3,1007.7,11.2,0,28,0,180,0,47, ,0.5,0.7,0,-2.5,-10,65
5-Dec-24,0,10.5,0,6.2,0,5.9,0,8.2,999.4,15.8,0,37,0,250,0,54, ,0.9,1.2,0,-7.3,-10,89
6-Dec-24,0,12.8,0,5,0,4.5,0,12.2,993.1,12.8,0,45,0,320,0,61, ,0.8,1,0,-10,-10,33
7-Dec-24,0,9,0,4.7,0,4.4,0,10.7,1004.2,30.9,0,45,0,330,0,61, ,1.4,2.1,0,-9.3,-10,241
8-Dec-24,0,8.6,0,1.5,0,3.1,0,0.1,1032.4,9.3,0,21,0,340,0,31, ,0.3,0.3,0.2,0.2,-9.3,298
9-Dec-24,0,6.6,0,-1.8,0,-5.4,0,0,1038.7,2.9,0,8,0,80,0,11, ,0,0,0.2,0.2,-8.8,329
10-Dec-24,0,3.7,0,-3.1,0,-7,0,0,1036.5,3.4,0,5,0,120,0,7, ,0,0,0.2,0.2,-8.4,245
11-Dec-24,0,3.4,0,1.2,0,-6.9,0,0,1032.8,2.9,0,6,0,110,0,9, ,0.3,0.4,0.5,0.5,-7.6,101
12-Dec-24,0,4.8,0,2.6,0,1.4,0,0,1028.3,3.7,0,7,0,210,0,10, ,0.4,0.5,0.9,0.9,-6.9,87
13-Dec-24,0,7.2,0,3.1,0,2.3,0,1.2,1022.8,4.5,0,14,0,290,0,20, ,0.3,0.4,0,0,-7.4,99
14-Dec-24,0,10.6,0,5.7,0,2.5,0,5.4,1018.5,13.6,0,21,0,250,0,28, ,0.5,0.6,0,-4.9,-10,85
15-Dec-24,0,12.3,0,9.8,0,6.4,0,2.3,1019.3,16.1,0,21,0,240,0,31, ,0.7,0.8,0,-1.6,-10,84
16-Dec-24,0,12.1,0,8.7,0,8.7,0,0,1018.5,14.9,0,21,0,230,0,31, ,0.7,0.9,0.7,0.7,-8.8,154
17-Dec-24,0,14.6,0,8.9,0,7.6,0,1.9,1001.1,13.4,0,24,0,190,0,38, ,0.9,1.1,0,-0.2,-9.3,47
18-Dec-24,0,14.1,0,4.9,0,7.6,0,2.8,992.2,16.4,0,26,0,190,0,38, ,0.9,1,0,-1.9,-10,123
19-Dec-24,0,8,0,4,0,2,0,4.3,1007.9,15.1,0,27,0,300,0,38, ,0.8,0.9,0,-3.5,-10,230
20-Dec-24,0,10.1,0,5.6,0,3.4,0,4.3,1008.6,15.2,0,24,0,270,0,34, ,0.6,0.6,0,-3.7,-10,172
21-Dec-24,0,11.6,0,3,0,6.1,0,8.6,1001.4,27.9,0,40,0,260,0,59, ,0.7,1.1,0,-7.9,-10,131
22-Dec-24,0,8.4,0,3.6,0,0.6,0,3.6,1009.6,26.1,0,38,0,300,0,61, ,1.5,2.1,0,-2.1,-10,157
23-Dec-24,0,12.3,0,6.3,0,3.4,0,4.9,1018.3,13.3,0,20,0,240,0,26, ,0.7,0.9,0,-4.2,-10,52
24-Dec-24,0,14.7,0,11.1,0,7,0,0.5,1017.3,13.5,0,19,0,240,0,29, ,0.6,0.7,0.1,0.1,-9.4,137
25-Dec-24,0,12.7,0,11,0,10.3,0,0.1,1021.6,11.6,0,16,0,210,0,24, ,0.6,0.7,0.7,0.7,-8.4,167
26-Dec-24,0,11.6,0,8.6,0,8.7,0,4.4,1025.5,5.1,0,10,0,190,0,16, ,0.3,0.4,0,-3.4,-10,82
27-Dec-24,0,11.9,0,9.5,0,8,0,0.8,1024.4,5.8,0,13,0,190,0,18, ,0.2,0.2,0,-0.6,-10,233
28-Dec-24,0,10.7,0,7.6,0,8.9,0,0.2,1022,9.2,0,15,0,230,0,20, ,0.5,0.6,0.3,0.3,-9.2,114
29-Dec-24,0,11,0,8.9,0,6.4,0,0.6,1019.2,17,0,26,0,240,0,35, ,0.9,1.1,0.6,0.6,-8.4,105
30-Dec-24,0,12.8,0,9.5,0,8,0,3.8,1011.6,20.9,0,29,0,220,0,44, ,1,1.3,0,-2.2,-10,116
31-Dec-24,0,12,0,7.3,0,9.3,0,10.5,1000.7,21.9,0,28,0,190,0,41, ,0.9,1.3,0,-9.6,-10,67
